---- Insert User 

INSERT INTO "user"(username,email,name,img,bio,type) VALUES ('DiogoaCunha', 'diogoalmeida@gmail.com','diogo','diogo.png','Im fine','ADMIN');
INSERT INTO "user"(username,email,name,img,bio,type) VALUES ('martaTorgal', 'marta@gmail.com','Marta Torgal','marta.png','Im always ok!!','ADMIN');
INSERT INTO "user"(username,email,name,img,bio,type) VALUES ('tibas', 'tibas94@gmail.com','Jose Marques','tibas.png','I like to eat icecream with my forehead','ADMIN');
INSERT INTO "user"(username,email,name,img,bio,type) VALUES ('franza', 'pedro.franca.1994@gmail.com','Pedro Franca','franza.png','if I answered your question it is prolly wrong','ADMIN');
INSERT INTO "user"(username,email,name,img,bio) VALUES ('jeff', 'jeff98@gmail.com','Jeff Erson','default.png','MY NAME IS JEFFF');
INSERT INTO "user"(username,email,name,img,bio,type) VALUES ('potus', 'therealdonaldtrump@gmail.com','Donald Trump','potus.png','Imma build a wall','NORMAL');
INSERT INTO "user"(username,email,name,img,bio,type) VALUES ('johnSnow85', 'yoyo@gmail.com','MANEL','default.png','winter is comming,false','NORMAL');
INSERT INTO "user"(username,email,name,img,bio,type) VALUES ('throwaway1223312', 'esum@burro.com','o anonimo','default.png','','NORMAL');
INSERT INTO "user"(username,email,name,img,bio,type) VALUES ('quinhas', 'maria@gmail.com','Quinhas POmba','default.png','Universidade da vida','NORMAL');
INSERT INTO "user"(username,email,name,img,bio,type) VALUES ('Max', 'maxc@gmail.com','Max Caulfield','lis.png','Life is... weird','NORMAL');
INSERT INTO "user" (username,email,name,img,bio) VALUES ('Snyder','ut.quam.vel@enimmitempor.edu','Stacy Q. Vargas','lorem','purus gravida sagittis. Duis gravida. Praesent eu nulla at sem molestie sodales. Mauris blandit enim consequat purus. Maecenas libero est, congue a, aliquet vel, vulputate eu, odio. Phasellus at augue id ante dictum cursus. Nunc mauris elit,');
INSERT INTO "user" (username,email,name,img,bio) VALUES ('Benjamin','porttitor.vulputate@at.edu','Arden V. Hodge','est','sem, vitae aliquam eros turpis non enim. Mauris');
INSERT INTO "user" (username,email,name,img,bio) VALUES ('Rocha','non.bibendum.sed@acrisusMorbi.net','Kane N. Warren','Phasellus','sed sem egestas blandit. Nam nulla magna, malesuada vel,');
INSERT INTO "user" (username,email,name,img,bio) VALUES ('Cortez','diam.vel@bibendumfermentum.com','Breanna F. Nunez','id','Nulla facilisi. Sed neque. Sed eget lacus. Mauris non dui nec urna suscipit nonummy. Fusce fermentum fermentum arcu.');
INSERT INTO "user" (username,email,name,img,bio) VALUES ('Norman','varius.ultrices.mauris@et.org','Leroy L. Jensen','pede','eros. Nam consequat dolor vitae dolor. Donec fringilla. Donec feugiat metus sit amet ante. Vivamus non lorem vitae odio sagittis semper. Nam tempor diam dictum sapien. Aenean massa. Integer vitae');
INSERT INTO "user" (username,email,name,img,bio) VALUES ('Lynn','sed.facilisis.vitae@Nunc.org','Daryl E. Watkins','ut','et ultrices posuere cubilia Curae; Donec tincidunt. Donec vitae erat vel pede blandit congue. In scelerisque scelerisque');
INSERT INTO "user" (username,email,name,img,bio) VALUES ('Horton','habitant.morbi.tristique@aliquetmetusurna.net','Robert X. Contreras','eros','Phasellus at augue id ante dictum cursus. Nunc mauris elit, dictum eu, eleifend nec, malesuada ut, sem. Nulla interdum. Curabitur dictum. Phasellus in felis. Nulla tempor augue ac ipsum. Phasellus vitae mauris sit amet lorem semper auctor. Mauris vel turpis.');
INSERT INTO "user" (username,email,name,img,bio) VALUES ('Parks','molestie.in.tempus@sed.ca','Patience R. West','ut','Morbi non sapien molestie orci tincidunt adipiscing. Mauris molestie pharetra nibh.');
INSERT INTO "user" (username,email,name,img,bio) VALUES ('Strong','a.magna.Lorem@hendreritaarcu.net','Hedy R. Mcclure','egestas','feugiat nec, diam. Duis mi enim,');
INSERT INTO "user" (username,email,name,img,bio) VALUES ('Harper','non.enim@Loremipsumdolor.net','Zane F. Duran','sollicitudin','a, magna. Lorem ipsum dolor sit amet, consectetuer adipiscing elit. Etiam laoreet, libero et tristique pellentesque, tellus sem mollis dui, in sodales elit erat vitae risus. Duis a mi fringilla mi');
INSERT INTO "user" (username,email,name,img,bio) VALUES ('Puckett','ridiculus.mus@Nullam.ca','Edan C. Carpenter','tempor','venenatis vel, faucibus id, libero. Donec consectetuer mauris id sapien. Cras dolor dolor, tempus non, lacinia at, iaculis quis, pede. Praesent eu dui. Cum sociis natoque');
INSERT INTO "user" (username,email,name,img,bio) VALUES ('Valenzuela','Nulla.semper.tellus@Quisque.org','Rogan P. Mullins','ultrices.','Sed neque. Sed eget lacus. Mauris non dui nec urna suscipit nonummy. Fusce fermentum fermentum arcu. Vestibulum ante ipsum primis in faucibus orci luctus et ultrices posuere cubilia Curae; Phasellus ornare. Fusce mollis. Duis sit amet diam eu dolor egestas');
INSERT INTO "user" (username,email,name,img,bio) VALUES ('Conley','dui.quis@accumsan.edu','Hashim R. Avery','vitae,','at, nisi. Cum sociis natoque penatibus et magnis dis parturient montes, nascetur ridiculus mus. Proin vel nisl. Quisque fringilla euismod enim. Etiam gravida');
INSERT INTO "user" (username,email,name,img,bio) VALUES ('Wiley','dictum.augue.malesuada@molestiepharetranibh.edu','Abraham P. Boyd','Aliquam','vitae odio sagittis semper. Nam tempor diam dictum sapien. Aenean massa. Integer vitae nibh.');
INSERT INTO "user" (username,email,name,img,bio) VALUES ('Mayo','mauris.Integer.sem@ipsum.net','Quinn G. Scott','lacus.','amet ante. Vivamus non lorem');
INSERT INTO "user" (username,email,name,img,bio) VALUES ('Carey','ante.lectus@adipiscing.org','Wyatt D. Miranda','per','consectetuer rhoncus. Nullam velit dui, semper et, lacinia vitae, sodales at, velit. Pellentesque ultricies dignissim lacus. Aliquam rutrum lorem ac risus. Morbi metus. Vivamus euismod urna. Nullam lobortis quam a felis ullamcorper');
INSERT INTO "user" (username,email,name,img,bio) VALUES ('Yates','dolor.tempus@sitamet.com','Sarah F. Fulton','lacus.','lacinia at, iaculis quis, pede. Praesent eu dui. Cum sociis natoque penatibus et magnis dis parturient montes, nascetur ridiculus mus. Aenean eget magna. Suspendisse tristique neque venenatis lacus. Etiam bibendum fermentum metus. Aenean sed pede nec ante blandit');
INSERT INTO "user" (username,email,name,img,bio) VALUES ('Farmer','eleifend@elementumdui.edu','Oren B. Decker','habitant','In ornare sagittis felis. Donec tempor, est ac mattis semper, dui lectus rutrum urna, nec luctus felis purus ac tellus. Suspendisse sed dolor. Fusce mi lorem, vehicula et, rutrum');
INSERT INTO "user" (username,email,name,img,bio) VALUES ('Murphy','mollis.Integer.tincidunt@molestiepharetra.ca','Solomon B. Tanner','sagittis','Nulla tincidunt, neque vitae semper egestas, urna justo faucibus lectus, a sollicitudin orci sem eget massa. Suspendisse eleifend. Cras sed');
INSERT INTO "user" (username,email,name,img,bio) VALUES ('Gentry','dui@Curabitur.com','Harrison O. Cooley','egestas.','dignissim. Maecenas ornare egestas ligula. Nullam feugiat placerat velit.');
INSERT INTO "user" (username,email,name,img,bio) VALUES ('Day','diam.dictum@Integerurna.org','Basia S. Kent','fermentum','vulputate, posuere vulputate, lacus. Cras interdum. Nunc sollicitudin commodo ipsum. Suspendisse non leo. Vivamus nibh dolor, nonummy ac, feugiat non, lobortis quis, pede. Suspendisse dui. Fusce diam nunc, ullamcorper eu, euismod ac,');
INSERT INTO "user" (username,email,name,img,bio) VALUES ('Stout','at@justo.co.uk','Baker M. Woodward','nec,','accumsan neque et nunc. Quisque ornare tortor at risus. Nunc ac sem ut dolor dapibus gravida. Aliquam tincidunt, nunc ac mattis ornare,');
INSERT INTO "user" (username,email,name,img,bio) VALUES ('Tucker','id.risus@idmollis.edu','Rachel S. Hernandez','hymenaeos.','tincidunt pede ac urna. Ut tincidunt vehicula risus. Nulla eget metus eu erat semper rutrum. Fusce dolor');
INSERT INTO "user" (username,email,name,img,bio) VALUES ('Kent','tortor.nibh.sit@erosnectellus.ca','Melyssa L. Cardenas','augue','vestibulum massa rutrum magna. Cras convallis convallis dolor. Quisque tincidunt pede ac urna. Ut tincidunt vehicula risus. Nulla eget metus');
INSERT INTO "user" (username,email,name,img,bio) VALUES ('Joseph','nulla.Integer@cursus.co.uk','Skyler Z. Gonzales','tortor,','metus. Aenean sed pede nec ante blandit viverra. Donec tempus, lorem fringilla ornare placerat, orci lacus vestibulum lorem, sit amet ultricies sem magna nec quam. Curabitur vel lectus. Cum sociis natoque penatibus');
INSERT INTO "user" (username,email,name,img,bio) VALUES ('Ingram','ornare@lobortis.com','Dorothy X. Pace','malesuada','nascetur ridiculus mus. Donec dignissim magna a tortor. Nunc commodo auctor velit. Aliquam nisl. Nulla');
INSERT INTO "user" (username,email,name,img,bio) VALUES ('Buckner','euismod@malesuadafringilla.ca','Shad C. Bruce','diam','Cras sed leo. Cras vehicula aliquet libero. Integer in magna. Phasellus dolor elit, pellentesque a,');
INSERT INTO "user" (username,email,name,img,bio) VALUES ('Espinoza','Quisque@lorem.edu','Ezekiel X. Acevedo','lectus','per conubia nostra, per inceptos hymenaeos. Mauris ut quam vel sapien imperdiet ornare. In faucibus. Morbi vehicula. Pellentesque tincidunt tempus risus.');
INSERT INTO "user" (username,email,name,img,bio) VALUES ('Alston','fermentum.arcu@tinciduntdui.net','Walter Z. Walton','pharetra','amet, dapibus id, blandit at, nisi. Cum sociis natoque penatibus et magnis dis parturient montes, nascetur ridiculus mus. Proin vel nisl. Quisque fringilla euismod enim. Etiam gravida molestie arcu. Sed eu nibh vulputate mauris sagittis');

---- Insert Topic 

INSERT INTO topic(id,name,img) VALUES (1,'Sports','1.jpg');
INSERT INTO topic(id,name,img) VALUES (2,'Music','2.jpeg');
INSERT INTO topic(id,name,img) VALUES (3,'Fashion','3.jpeg');
INSERT INTO topic(id,name,img) VALUES (4,'IT','4.jpg');
INSERT INTO topic(id,name,img) VALUES (5,'Math&Science','5.jpg');
INSERT INTO topic(id,name,img) VALUES (6,'Food&Nutricion','6.jpg');
INSERT INTO topic(id,name,img) VALUES (7,'History','7.jpg');
INSERT INTO topic(id,name,img) VALUES (8,'Random','8.png');


---- Insert Question 

INSERT INTO question(date,karma,short_message,long_message,id_author,id_topic) VALUES (now(),8,'Who is the greatest tennis player of all time?', 'The one who has the most titles',1,1);
INSERT INTO question(date,karma,short_message,long_message,id_author,id_topic) VALUES (now(),1,'Can I own an airsoft replica?', 'What are the airsoft laws in Portugal?',4,1);
INSERT INTO question(date,karma,short_message,long_message,id_author,id_topic) VALUES (now(),4,'Why do people like soccer so much?', 'it is a stupid sport, a bunch of guys running arround a ball, what is the magic to it?',5,1);
INSERT INTO question(date,karma,short_message,long_message,id_author,id_topic) VALUES (now(),8,'Who is the greatest tennis player of all time?', 'The one who has the most titles',5,1);
INSERT INTO question(date,karma,short_message,long_message,id_author,id_topic) VALUES (now(),15,'Who sing hit me baby one more time?', '',3,2);
INSERT INTO question(date,karma,short_message,long_message,id_author,id_topic) VALUES (now(),0,'Eletro song that goes like...', 'what is the nome of that song that goes piri priri bam bum badadadadadad bish bash bosh',3,2);
INSERT INTO question(date,karma,short_message,long_message,id_author,id_topic) VALUES (now(),3,'who, in your opinion is the most fashion savy US president?', '',6,3);
INSERT INTO question(date,karma,short_message,long_message,id_author,id_topic) VALUES (now(),9000,'How do you create database indexes?', 'PLEASE HELP ME',4,4);
INSERT INTO question(date,karma,short_message,long_message,id_author,id_topic) VALUES (now(),7,'What programing lenguage is the best to start?', '',9,4);
INSERT INTO question(date,karma,short_message,long_message,id_author,id_topic) VALUES (now(),2,'I deleted SYSTEM32 HELP!!', 'Some guy in the inetrnet told me that my computer would run faste if i deleted system 32, now my computer wont turn on, what should i do? ',8,4);
INSERT INTO question(date,karma,short_message,long_message,id_author,id_topic) VALUES (now(),10,'2+2?', '',6,5);
INSERT INTO question(date,karma,short_message,long_message,id_author,id_topic) VALUES (now(),0,'How yo integrate?', 'I have my math exam tomorrow and need to know to to integrate,thanks.',4,5);
INSERT INTO question(date,karma,short_message,long_message,id_author,id_topic) VALUES (now(),4,'If I look to a folar will I be out of ketosys?', '',4,6);
INSERT INTO question(date,karma,short_message,long_message,id_author,id_topic) VALUES (now(),5,'In your opinio what is the best food ever?', '',10,6);
INSERT INTO question(date,karma,short_message,long_message,id_author,id_topic) VALUES (now(),4,'ShouLD i DRINK BLEACH?', 'I am playing this blue whale game and...' ,8,8);
INSERT INTO question(date,karma,short_message,long_message,id_author,id_topic) VALUES (now(),10,'Best video game you ever played?', '' ,5,8);
INSERT INTO question(date,karma,short_message,long_message,id_author,id_topic) VALUES (now(),7,'What is your favorite household item?', '' ,2,8);
INSERT INTO question(date,karma,short_message,long_message,id_author,id_topic) VALUES (now(),500,'If a girafe could talk what would it say?', '' ,3,8);
INSERT INTO question(date,karma,short_message,long_message,id_author,id_topic) VALUES (now(),28,'What is the best pick up line you know?', '' ,9,8);
INSERT INTO "question" (karma,short_message,long_message,id_author,id_topic) VALUES (-33,'eu, ultrices sit amet, risus. Donec nibh enim,','nunc sed libero. Proin sed turpis nec mauris blandit mattis. Cras eget nisi dictum augue malesuada',4,7);
INSERT INTO "question" (karma,short_message,long_message,id_author,id_topic) VALUES (-21,'tellus. Aenean egestas hendrerit neque. In ornare','Nunc mauris elit, dictum eu, eleifend nec, malesuada ut, sem. Nulla interdum. Curabitur dictum. Phasellus in felis. Nulla tempor',30,8);
INSERT INTO "question" (karma,short_message,long_message,id_author,id_topic) VALUES (105,'Vestibulum ante ipsum primis in','lobortis quis, pede. Suspendisse dui. Fusce diam nunc, ullamcorper eu, euismod ac, fermentum vel, mauris. Integer sem elit,',6,8);
INSERT INTO "question" (karma,short_message,long_message,id_author,id_topic) VALUES (103,'neque. Nullam nisl. Maecenas malesuada fringilla est. Mauris eu turpis. Nulla aliquet.','Duis mi enim, condimentum eget, volutpat ornare, facilisis eget, ipsum. Donec sollicitudin adipiscing ligula. Aenean gravida nunc sed pede. Cum sociis natoque penatibus et magnis',28,3);
INSERT INTO "question" (karma,short_message,long_message,id_author,id_topic) VALUES (59,'egestas hendrerit neque. In ornare','vulputate mauris sagittis placerat. Cras',4,5);
INSERT INTO "question" (karma,short_message,long_message,id_author,id_topic) VALUES (66,'dignissim pharetra. Nam ac nulla. In tincidunt congue turpis. In condimentum. Donec at arcu. Vestibulum','dui. Suspendisse ac metus',23,7);
INSERT INTO "question" (karma,short_message,long_message,id_author,id_topic) VALUES (129,'mattis. Cras eget nisi dictum augue malesuada','commodo ipsum. Suspendisse non leo. Vivamus nibh dolor, nonummy ac, feugiat non, lobortis quis, pede. Suspendisse dui. Fusce diam nunc, ullamcorper eu, euismod ac, fermentum vel, mauris. Integer sem',21,2);
INSERT INTO "question" (karma,short_message,long_message,id_author,id_topic) VALUES (-20,'nunc sed pede. Cum sociis natoque penatibus et magnis','ac risus. Morbi metus. Vivamus euismod urna. Nullam lobortis quam a felis ullamcorper viverra. Maecenas iaculis aliquet diam. Sed diam lorem, auctor quis, tristique',13,5);
INSERT INTO "question" (karma,short_message,long_message,id_author,id_topic) VALUES (-97,'eu odio tristique pharetra. Quisque ac libero nec ligula','feugiat tellus lorem',29,2);
INSERT INTO "question" (karma,short_message,long_message,id_author,id_topic) VALUES (-148,'Donec est. Nunc ullamcorper, velit in aliquet lobortis, nisi nibh lacinia','risus. Nunc ac sem ut dolor dapibus gravida. Aliquam tincidunt, nunc ac mattis ornare, lectus ante dictum mi, ac mattis velit',30,8);
INSERT INTO "question" (karma,short_message,long_message,id_author,id_topic) VALUES (20,'diam lorem, auctor quis, tristique ac, eleifend vitae,','morbi tristique senectus et netus et malesuada fames ac turpis egestas. Aliquam fringilla',9,5);
INSERT INTO "question" (karma,short_message,long_message,id_author,id_topic) VALUES (25,'sapien, gravida non, sollicitudin a,','et, lacinia vitae, sodales at, velit. Pellentesque ultricies dignissim lacus. Aliquam rutrum lorem ac risus. Morbi metus. Vivamus euismod urna. Nullam lobortis quam a felis ullamcorper viverra.',28,6);
INSERT INTO "question" (karma,short_message,long_message,id_author,id_topic) VALUES (-140,'Nulla tempor augue ac ipsum. Phasellus vitae mauris sit amet','eu eros. Nam consequat dolor vitae dolor. Donec fringilla. Donec feugiat metus sit amet ante. Vivamus non lorem vitae odio sagittis semper. Nam tempor diam',30,6);
INSERT INTO "question" (karma,short_message,long_message,id_author,id_topic) VALUES (74,'ac tellus. Suspendisse sed dolor. Fusce mi lorem, vehicula et, rutrum','aliquet molestie tellus. Aenean egestas hendrerit neque. In ornare sagittis felis. Donec tempor, est ac mattis semper, dui',20,6);
INSERT INTO "question" (karma,short_message,long_message,id_author,id_topic) VALUES (89,'morbi tristique senectus et netus et malesuada fames ac turpis egestas. Aliquam fringilla cursus purus.','malesuada id, erat. Etiam vestibulum massa rutrum magna. Cras convallis convallis dolor. Quisque tincidunt pede ac urna. Ut tincidunt vehicula risus. Nulla',9,7);
INSERT INTO "question" (karma,short_message,long_message,id_author,id_topic) VALUES (95,'lacus. Aliquam rutrum lorem ac risus. Morbi metus.','vitae risus. Duis a mi fringilla mi lacinia mattis. Integer eu lacus. Quisque imperdiet, erat nonummy ultricies ornare, elit elit fermentum risus, at fringilla purus',12,2);
INSERT INTO "question" (karma,short_message,long_message,id_author,id_topic) VALUES (-46,'Phasellus nulla. Integer vulputate, risus a ultricies adipiscing, enim mi tempor lorem,','Lorem ipsum dolor sit amet, consectetuer adipiscing elit. Aliquam auctor, velit eget laoreet posuere, enim nisl elementum purus,',16,4);
INSERT INTO "question" (karma,short_message,long_message,id_author,id_topic) VALUES (-10,'in, dolor. Fusce feugiat. Lorem ipsum dolor sit amet, consectetuer','Vestibulum ante ipsum primis in faucibus orci luctus et ultrices posuere cubilia Curae; Phasellus ornare. Fusce mollis. Duis sit amet diam eu',9,1);
INSERT INTO "question" (karma,short_message,long_message,id_author,id_topic) VALUES (-26,'Integer urna. Vivamus molestie dapibus ligula. Aliquam erat volutpat. Nulla dignissim. Maecenas ornare egestas','Integer id magna et ipsum cursus vestibulum. Mauris magna. Duis dignissim tempor arcu. Vestibulum ut eros non enim commodo hendrerit. Donec porttitor tellus non',3,5);
INSERT INTO "question" (karma,short_message,long_message,id_author,id_topic) VALUES (-70,'lobortis quis, pede. Suspendisse dui. Fusce diam nunc,','aliquet lobortis,',4,7);
INSERT INTO "question" (karma,short_message,long_message,id_author,id_topic) VALUES (99,'dignissim tempor arcu. Vestibulum ut eros non enim commodo hendrerit. Donec porttitor','nec urna et arcu imperdiet ullamcorper.',19,4);
INSERT INTO "question" (karma,short_message,long_message,id_author,id_topic) VALUES (32,'at pede. Cras vulputate velit eu','risus. Donec egestas. Aliquam nec enim. Nunc ut erat. Sed nunc est, mollis non, cursus non, egestas a, dui. Cras pellentesque. Sed dictum. Proin eget odio. Aliquam vulputate ullamcorper',6,1);
INSERT INTO "question" (karma,short_message,long_message,id_author,id_topic) VALUES (-52,'nisl. Maecenas malesuada fringilla est. Mauris eu turpis. Nulla aliquet. Proin velit. Sed','ante. Vivamus non lorem vitae odio sagittis semper. Nam tempor diam dictum sapien. Aenean massa. Integer vitae nibh. Donec est mauris, rhoncus id, mollis nec, cursus a,',9,8);
INSERT INTO "question" (karma,short_message,long_message,id_author,id_topic) VALUES (17,'facilisis non, bibendum sed, est. Nunc laoreet lectus quis massa. Mauris vestibulum, neque sed dictum','penatibus et magnis dis parturient montes, nascetur ridiculus mus. Donec dignissim magna a tortor. Nunc commodo auctor velit. Aliquam nisl. Nulla eu neque pellentesque massa lobortis',25,8);
INSERT INTO "question" (karma,short_message,long_message,id_author,id_topic) VALUES (-46,'vehicula aliquet libero. Integer in magna.','arcu imperdiet ullamcorper. Duis at lacus. Quisque purus sapien, gravida non, sollicitudin a, malesuada',28,6);
INSERT INTO "question" (karma,short_message,long_message,id_author,id_topic) VALUES (134,'rutrum lorem ac risus. Morbi metus. Vivamus euismod urna.','Aliquam tincidunt, nunc ac mattis ornare, lectus ante dictum mi, ac mattis velit justo nec ante.',16,4);
INSERT INTO "question" (karma,short_message,long_message,id_author,id_topic) VALUES (143,'lorem ut aliquam iaculis, lacus pede sagittis augue, eu tempor erat neque non quam. Pellentesque','luctus et ultrices posuere cubilia Curae; Donec tincidunt. Donec vitae erat vel pede blandit congue. In scelerisque scelerisque dui. Suspendisse ac metus vitae',11,8);
INSERT INTO "question" (karma,short_message,long_message,id_author,id_topic) VALUES (-43,'eleifend nec, malesuada ut, sem. Nulla interdum. Curabitur dictum. Phasellus in felis. Nulla','sed dolor. Fusce mi lorem, vehicula et, rutrum eu, ultrices sit amet, risus. Donec nibh enim, gravida sit amet, dapibus id, blandit at, nisi. Cum sociis natoque penatibus et',9,6);
INSERT INTO "question" (karma,short_message,long_message,id_author,id_topic) VALUES (12,'tempus risus. Donec egestas. Duis ac arcu. Nunc mauris.','nulla. Cras eu tellus eu augue porttitor interdum. Sed auctor odio a purus. Duis elementum, dui quis accumsan convallis, ante lectus convallis est, vitae',8,4);
INSERT INTO "question" (karma,short_message,long_message,id_author,id_topic) VALUES (38,'et, magna. Praesent interdum ligula eu enim. Etiam','eget, volutpat ornare, facilisis eget, ipsum. Donec sollicitudin adipiscing ligula. Aenean gravida',15,2);
INSERT INTO "question" (karma,short_message,long_message,id_author,id_topic) VALUES (131,'tincidunt. Donec vitae erat vel pede blandit congue. In scelerisque scelerisque','accumsan convallis, ante lectus convallis est, vitae sodales nisi magna sed dui. Fusce aliquam, enim nec tempus scelerisque,',5,1);
INSERT INTO "question" (karma,short_message,long_message,id_author,id_topic) VALUES (-44,'Aliquam auctor, velit eget laoreet posuere, enim','fermentum fermentum arcu. Vestibulum ante ipsum primis in faucibus orci luctus et ultrices posuere',28,8);
INSERT INTO "question" (karma,short_message,long_message,id_author,id_topic) VALUES (-21,'congue. In scelerisque scelerisque dui. Suspendisse ac metus','neque sed dictum eleifend, nunc risus varius orci, in consequat enim diam vel arcu. Curabitur ut odio vel est tempor bibendum. Donec felis orci, adipiscing non, luctus sit amet,',14,2);
INSERT INTO "question" (karma,short_message,long_message,id_author,id_topic) VALUES (90,'eu sem. Pellentesque ut ipsum ac','nisi dictum augue malesuada malesuada. Integer id magna et ipsum cursus vestibulum. Mauris magna. Duis dignissim tempor arcu. Vestibulum ut eros non',30,4);
INSERT INTO "question" (karma,short_message,long_message,id_author,id_topic) VALUES (-99,'neque sed sem egestas blandit. Nam nulla magna, malesuada','aliquam adipiscing lacus. Ut nec urna et arcu imperdiet ullamcorper. Duis at lacus. Quisque purus sapien, gravida non,',18,3);
INSERT INTO "question" (karma,short_message,long_message,id_author,id_topic) VALUES (-81,'tellus id nunc interdum feugiat. Sed nec metus facilisis lorem tristique aliquet. Phasellus fermentum','eu erat semper rutrum. Fusce dolor quam, elementum at, egestas a, scelerisque sed, sapien. Nunc pulvinar arcu et pede. Nunc',2,2);
INSERT INTO "question" (karma,short_message,long_message,id_author,id_topic) VALUES (-120,'Fusce fermentum fermentum arcu. Vestibulum ante ipsum primis in faucibus orci luctus et ultrices','consequat purus.',4,4);
INSERT INTO "question" (karma,short_message,long_message,id_author,id_topic) VALUES (24,'a nunc. In at pede. Cras vulputate velit','Phasellus in',28,5);
INSERT INTO "question" (karma,short_message,long_message,id_author,id_topic) VALUES (12,'vel arcu eu odio tristique pharetra. Quisque ac','tellus. Suspendisse sed dolor. Fusce mi lorem, vehicula et, rutrum eu, ultrices sit amet, risus. Donec nibh enim, gravida sit amet, dapibus id, blandit',15,8);
INSERT INTO "question" (karma,short_message,long_message,id_author,id_topic) VALUES (-149,'tincidunt aliquam arcu. Aliquam ultrices iaculis','diam lorem,',16,4);
INSERT INTO "question" (karma,short_message,long_message,id_author,id_topic) VALUES (148,'fringilla, porttitor vulputate, posuere vulputate, lacus. Cras interdum. Nunc sollicitudin commodo ipsum. Suspendisse','nulla at sem molestie sodales. Mauris blandit enim consequat',17,7);
INSERT INTO "question" (karma,short_message,long_message,id_author,id_topic) VALUES (56,'venenatis vel, faucibus id, libero.','cubilia Curae; Donec tincidunt. Donec vitae erat vel pede blandit congue. In scelerisque scelerisque dui. Suspendisse ac metus',27,3);
INSERT INTO "question" (karma,short_message,long_message,id_author,id_topic) VALUES (-55,'eleifend nec, malesuada ut, sem. Nulla interdum. Curabitur dictum. Phasellus in felis. Nulla tempor augue','Fusce dolor quam,',2,4);
INSERT INTO "question" (karma,short_message,long_message,id_author,id_topic) VALUES (-1,'vitae odio sagittis semper. Nam tempor','diam. Duis mi enim, condimentum eget, volutpat ornare, facilisis eget, ipsum. Donec sollicitudin adipiscing ligula. Aenean gravida nunc sed pede. Cum sociis natoque penatibus et',23,3);
INSERT INTO "question" (karma,short_message,long_message,id_author,id_topic) VALUES (-15,'est. Mauris eu turpis. Nulla aliquet. Proin velit.','vulputate, posuere vulputate, lacus. Cras interdum. Nunc sollicitudin commodo ipsum. Suspendisse non leo. Vivamus nibh dolor, nonummy ac, feugiat non, lobortis quis, pede. Suspendisse dui. Fusce diam nunc, ullamcorper',9,8);


----- Insert FollowQuestion

INSERT INTO followQuestion(id_user,id_question) VALUES (1,14);
INSERT INTO followQuestion(id_user,id_question) VALUES (8,15);
INSERT INTO followQuestion(id_user,id_question) VALUES (5,7);
INSERT INTO followQuestion(id_user,id_question) VALUES (6,3);
INSERT INTO "followquestion" (id_user,id_question) VALUES (16,6);
INSERT INTO "followquestion" (id_user,id_question) VALUES (16,7);
INSERT INTO "followquestion" (id_user,id_question) VALUES (27,30);
INSERT INTO "followquestion" (id_user,id_question) VALUES (28,16);
INSERT INTO "followquestion" (id_user,id_question) VALUES (1,13);
INSERT INTO "followquestion" (id_user,id_question) VALUES (17,64);
INSERT INTO "followquestion" (id_user,id_question) VALUES (2,15);
INSERT INTO "followquestion" (id_user,id_question) VALUES (20,53);
INSERT INTO "followquestion" (id_user,id_question) VALUES (16,25);
INSERT INTO "followquestion" (id_user,id_question) VALUES (18,49);
INSERT INTO "followquestion" (id_user,id_question) VALUES (30,8);
INSERT INTO "followquestion" (id_user,id_question) VALUES (15,7);
INSERT INTO "followquestion" (id_user,id_question) VALUES (27,54);
INSERT INTO "followquestion" (id_user,id_question) VALUES (14,21);
INSERT INTO "followquestion" (id_user,id_question) VALUES (30,5);
INSERT INTO "followquestion" (id_user,id_question) VALUES (4,48);
INSERT INTO "followquestion" (id_user,id_question) VALUES (19,23);
INSERT INTO "followquestion" (id_user,id_question) VALUES (14,60);
INSERT INTO "followquestion" (id_user,id_question) VALUES (11,63);
INSERT INTO "followquestion" (id_user,id_question) VALUES (29,18);
INSERT INTO "followquestion" (id_user,id_question) VALUES (21,63);
INSERT INTO "followquestion" (id_user,id_question) VALUES (10,38);
INSERT INTO "followquestion" (id_user,id_question) VALUES (21,55);
INSERT INTO "followquestion" (id_user,id_question) VALUES (18,28);
INSERT INTO "followquestion" (id_user,id_question) VALUES (4,26);
INSERT INTO "followquestion" (id_user,id_question) VALUES (20,16);
INSERT INTO "followquestion" (id_user,id_question) VALUES (3,47);
INSERT INTO "followquestion" (id_user,id_question) VALUES (6,33);
INSERT INTO "followquestion" (id_user,id_question) VALUES (22,42);
INSERT INTO "followquestion" (id_user,id_question) VALUES (12,38);
INSERT INTO "followquestion" (id_user,id_question) VALUES (2,49);
INSERT INTO "followquestion" (id_user,id_question) VALUES (30,24);
INSERT INTO "followquestion" (id_user,id_question) VALUES (11,17);
INSERT INTO "followquestion" (id_user,id_question) VALUES (16,34);
INSERT INTO "followquestion" (id_user,id_question) VALUES (24,53);
INSERT INTO "followquestion" (id_user,id_question) VALUES (27,24);
INSERT INTO "followquestion" (id_user,id_question) VALUES (19,44);
INSERT INTO "followquestion" (id_user,id_question) VALUES (7,40);
INSERT INTO "followquestion" (id_user,id_question) VALUES (12,12);
INSERT INTO "followquestion" (id_user,id_question) VALUES (28,53);
INSERT INTO "followquestion" (id_user,id_question) VALUES (24,29);
INSERT INTO "followquestion" (id_user,id_question) VALUES (24,60);
INSERT INTO "followquestion" (id_user,id_question) VALUES (30,63);
INSERT INTO "followquestion" (id_user,id_question) VALUES (1,4);
INSERT INTO "followquestion" (id_user,id_question) VALUES (18,17);
INSERT INTO "followquestion" (id_user,id_question) VALUES (18,16);
INSERT INTO "followquestion" (id_user,id_question) VALUES (13,55);
INSERT INTO "followquestion" (id_user,id_question) VALUES (12,62);
INSERT INTO "followquestion" (id_user,id_question) VALUES (5,35);
INSERT INTO "followquestion" (id_user,id_question) VALUES (18,8);
INSERT INTO "followquestion" (id_user,id_question) VALUES (6,12);
INSERT INTO "followquestion" (id_user,id_question) VALUES (13,46);
INSERT INTO "followquestion" (id_user,id_question) VALUES (3,18);
INSERT INTO "followquestion" (id_user,id_question) VALUES (14,45);
INSERT INTO "followquestion" (id_user,id_question) VALUES (26,15);
INSERT INTO "followquestion" (id_user,id_question) VALUES (1,53);
INSERT INTO "followquestion" (id_user,id_question) VALUES (18,36);
INSERT INTO "followquestion" (id_user,id_question) VALUES (5,51);
INSERT INTO "followquestion" (id_user,id_question) VALUES (3,59);
INSERT INTO "followquestion" (id_user,id_question) VALUES (15,41);
INSERT INTO "followquestion" (id_user,id_question) VALUES (15,15);
INSERT INTO "followquestion" (id_user,id_question) VALUES (9,7);
INSERT INTO "followquestion" (id_user,id_question) VALUES (30,42);
INSERT INTO "followquestion" (id_user,id_question) VALUES (28,10);
INSERT INTO "followquestion" (id_user,id_question) VALUES (17,15);
INSERT INTO "followquestion" (id_user,id_question) VALUES (23,16);
INSERT INTO "followquestion" (id_user,id_question) VALUES (2,61);
INSERT INTO "followquestion" (id_user,id_question) VALUES (6,56);
INSERT INTO "followquestion" (id_user,id_question) VALUES (16,8);
INSERT INTO "followquestion" (id_user,id_question) VALUES (18,30);
INSERT INTO "followquestion" (id_user,id_question) VALUES (21,52);
INSERT INTO "followquestion" (id_user,id_question) VALUES (8,27);
INSERT INTO "followquestion" (id_user,id_question) VALUES (9,46);
INSERT INTO "followquestion" (id_user,id_question) VALUES (5,23);


-----Insert Answer

INSERT INTO answer(date,karma,message,id_author,id_question) VALUES (now(),7,'The greatest tennins player is Roger Federer!!! Check it on google mate.',6,1);
INSERT INTO answer(date,karma,message,id_author,id_question) VALUES (now(),0,'your mom',3,1);
INSERT INTO answer(date,karma,message,id_author,id_question) VALUES (now(),2,'You need to be federated and you need to have your replica paint yellow or red.',5,2);
INSERT INTO answer(date,karma,message,id_author,id_question) VALUES (now(),2,'I think it is salavdor sobral',6,5);
INSERT INTO answer(date,karma,message,id_author,id_question) VALUES (now(),7,'daaaaah, it is from ACDC',2,6);
INSERT INTO answer(date,karma,message,id_author,id_question) VALUES (now(),2,'MARCELO REBELO DE SOUSA CRL',6,7);
INSERT INTO answer(date,karma,message,id_author,id_question) VALUES (now(),15,'SAAAAAAAAAAAAME, HELP PLS',6,8);
INSERT INTO answer(date,karma,message,id_author,id_question) VALUES (now(),8,'So ez, n00b',2,8);
INSERT INTO answer(date,karma,message,id_author,id_question) VALUES (now(),0,'You need to read the class slides bro',4,8);
INSERT INTO answer(date,karma,message,id_author,id_question) VALUES (now(),500,':(',9,8);
INSERT INTO answer(date,karma,message,id_author,id_question) VALUES (now(),1,'4',6,11);
INSERT INTO answer(date,karma,message,id_author,id_question) VALUES (now(),68,'5',9,11);
INSERT INTO answer(date,karma,message,id_author,id_question) VALUES (now(),0,'Vegan food 4life',6,14);
INSERT INTO answer(date,karma,message,id_author,id_question) VALUES (now(),10,'T-bone',1,14);
INSERT INTO answer(date,karma,message,id_author,id_question) VALUES (now(),5000,'FRANCESINHA RAÇA MESTRE',2,14);
INSERT INTO answer(date,karma,message,id_author,id_question) VALUES (now(),15,'Pasta',3,14);
INSERT INTO answer(date,karma,message,id_author,id_question) VALUES (now(),8,'Ceaser salad',4,14);
INSERT INTO answer(date,karma,message,id_author,id_question) VALUES (now(),10,'I like eggs ',5,14);
INSERT INTO "answer" (karma,message,id_author,id_question) VALUES (40,'vehicula. Pellentesque tincidunt tempus risus. Donec egestas. Duis',39,6);
INSERT INTO "answer" (karma,message,id_author,id_question) VALUES (18,'ornare lectus justo eu arcu. Morbi sit amet massa.',3,49);
INSERT INTO "answer" (karma,message,id_author,id_question) VALUES (-2,'cubilia Curae; Phasellus ornare. Fusce mollis. Duis sit',39,18);
INSERT INTO "answer" (karma,message,id_author,id_question) VALUES (63,'imperdiet non, vestibulum nec, euismod',31,9);
INSERT INTO "answer" (karma,message,id_author,id_question) VALUES (10,'risus. Morbi metus. Vivamus euismod urna. Nullam lobortis quam a felis ullamcorper viverra. Maecenas iaculis aliquet diam. Sed diam lorem, auctor quis,',39,51);
INSERT INTO "answer" (karma,message,id_author,id_question) VALUES (71,'sapien. Cras dolor dolor, tempus non, lacinia at,',34,11);
INSERT INTO "answer" (karma,message,id_author,id_question) VALUES (2,'tincidunt adipiscing. Mauris molestie pharetra',30,5);
INSERT INTO "answer" (karma,message,id_author,id_question) VALUES (41,'Suspendisse sed dolor. Fusce mi lorem, vehicula et, rutrum eu, ultrices sit amet, risus. Donec nibh enim, gravida sit amet, dapibus',31,11);
INSERT INTO "answer" (karma,message,id_author,id_question) VALUES (-2,'Pellentesque habitant morbi tristique senectus et netus et malesuada fames ac turpis egestas. Aliquam fringilla cursus purus. Nullam scelerisque neque sed sem egestas blandit. Nam',32,24);
INSERT INTO "answer" (karma,message,id_author,id_question) VALUES (11,'Mauris vel turpis. Aliquam adipiscing lobortis risus.',32,4);
INSERT INTO "answer" (karma,message,id_author,id_question) VALUES (44,'Duis a mi fringilla mi lacinia mattis. Integer eu lacus. Quisque imperdiet, erat nonummy',23,48);
INSERT INTO "answer" (karma,message,id_author,id_question) VALUES (21,'ac, feugiat non, lobortis quis, pede. Suspendisse dui. Fusce diam nunc, ullamcorper eu,',34,15);
INSERT INTO "answer" (karma,message,id_author,id_question) VALUES (41,'ullamcorper. Duis at lacus. Quisque purus sapien, gravida non, sollicitudin a, malesuada id, erat. Etiam vestibulum massa rutrum magna.',35,10);
INSERT INTO "answer" (karma,message,id_author,id_question) VALUES (54,'luctus, ipsum leo elementum sem, vitae aliquam eros turpis non enim. Mauris quis turpis vitae purus gravida sagittis. Duis gravida. Praesent eu',20,43);
INSERT INTO "answer" (karma,message,id_author,id_question) VALUES (73,'Donec feugiat metus sit amet ante. Vivamus non lorem vitae odio sagittis semper. Nam tempor diam dictum sapien. Aenean massa. Integer vitae nibh.',10,63);
INSERT INTO "answer" (karma,message,id_author,id_question) VALUES (24,'mus. Proin vel arcu eu odio tristique pharetra. Quisque ac libero nec ligula',32,32);
INSERT INTO "answer" (karma,message,id_author,id_question) VALUES (13,'elit sed consequat auctor, nunc nulla vulputate',25,37);
INSERT INTO "answer" (karma,message,id_author,id_question) VALUES (78,'lacinia vitae, sodales at, velit. Pellentesque ultricies dignissim lacus. Aliquam rutrum lorem ac risus. Morbi metus. Vivamus euismod urna. Nullam lobortis',23,50);
INSERT INTO "answer" (karma,message,id_author,id_question) VALUES (18,'Nullam vitae diam. Proin dolor. Nulla semper tellus id nunc interdum feugiat. Sed nec metus facilisis lorem tristique aliquet. Phasellus fermentum convallis',8,8);
INSERT INTO "answer" (karma,message,id_author,id_question) VALUES (21,'metus. Vivamus euismod urna. Nullam lobortis quam a felis ullamcorper viverra. Maecenas iaculis aliquet diam. Sed diam lorem, auctor',39,24);
INSERT INTO "answer" (karma,message,id_author,id_question) VALUES (80,'nibh. Donec est mauris, rhoncus id, mollis nec, cursus a, enim. Suspendisse aliquet, sem ut cursus',37,46);
INSERT INTO "answer" (karma,message,id_author,id_question) VALUES (59,'pretium neque. Morbi quis urna. Nunc quis arcu vel',17,3);
INSERT INTO "answer" (karma,message,id_author,id_question) VALUES (48,'in consectetuer ipsum nunc id',17,35);
INSERT INTO "answer" (karma,message,id_author,id_question) VALUES (56,'urna convallis erat, eget tincidunt dui',3,49);
INSERT INTO "answer" (karma,message,id_author,id_question) VALUES (11,'vel lectus. Cum sociis natoque penatibus et magnis dis parturient montes, nascetur ridiculus mus. Donec dignissim magna a tortor. Nunc',38,32);
INSERT INTO "answer" (karma,message,id_author,id_question) VALUES (32,'eget tincidunt dui augue eu tellus. Phasellus elit pede, malesuada vel, venenatis vel, faucibus id, libero. Donec consectetuer mauris id',2,60);
INSERT INTO "answer" (karma,message,id_author,id_question) VALUES (35,'conubia nostra, per inceptos hymenaeos. Mauris ut quam',20,42);
INSERT INTO "answer" (karma,message,id_author,id_question) VALUES (-1,'eu lacus. Quisque imperdiet, erat nonummy ultricies ornare, elit elit fermentum',23,57);
INSERT INTO "answer" (karma,message,id_author,id_question) VALUES (2,'Sed diam lorem, auctor quis, tristique ac, eleifend vitae, erat.',7,57);
INSERT INTO "answer" (karma,message,id_author,id_question) VALUES (36,'ligula. Donec luctus aliquet odio. Etiam',16,28);
INSERT INTO "answer" (karma,message,id_author,id_question) VALUES (22,'tellus eu augue porttitor interdum.',21,18);
INSERT INTO "answer" (karma,message,id_author,id_question) VALUES (-1,'vulputate eu, odio. Phasellus at augue id ante dictum cursus. Nunc',19,44);
INSERT INTO "answer" (karma,message,id_author,id_question) VALUES (19,'est ac facilisis facilisis, magna tellus faucibus leo, in lobortis tellus justo',17,25);
INSERT INTO "answer" (karma,message,id_author,id_question) VALUES (74,'nostra, per inceptos hymenaeos. Mauris ut quam vel sapien imperdiet ornare. In faucibus. Morbi vehicula. Pellentesque tincidunt tempus risus. Donec egestas. Duis',13,41);
INSERT INTO "answer" (karma,message,id_author,id_question) VALUES (77,'sem elit, pharetra ut, pharetra sed, hendrerit a, arcu. Sed et libero. Proin mi. Aliquam gravida',36,49);
INSERT INTO "answer" (karma,message,id_author,id_question) VALUES (13,'amet lorem semper auctor. Mauris vel turpis. Aliquam adipiscing lobortis risus. In mi pede, nonummy ut, molestie in, tempus eu,',35,63);
INSERT INTO "answer" (karma,message,id_author,id_question) VALUES (11,'sagittis placerat. Cras dictum ultricies ligula. Nullam enim. Sed',4,27);
INSERT INTO "answer" (karma,message,id_author,id_question) VALUES (76,'eu tempor erat neque non quam. Pellentesque habitant morbi tristique senectus et netus et malesuada fames ac turpis egestas. Aliquam fringilla cursus',11,47);
INSERT INTO "answer" (karma,message,id_author,id_question) VALUES (51,'a felis ullamcorper viverra. Maecenas iaculis aliquet diam. Sed diam lorem, auctor quis, tristique ac, eleifend',2,38);
INSERT INTO "answer" (karma,message,id_author,id_question) VALUES (30,'accumsan sed, facilisis vitae, orci. Phasellus dapibus quam',25,52);
INSERT INTO "answer" (karma,message,id_author,id_question) VALUES (2,'ullamcorper, nisl arcu iaculis enim, sit amet ornare',20,14);
INSERT INTO "answer" (karma,message,id_author,id_question) VALUES (49,'pede, malesuada vel, venenatis vel, faucibus id, libero. Donec consectetuer mauris id sapien. Cras dolor',34,32);
INSERT INTO "answer" (karma,message,id_author,id_question) VALUES (24,'lorem, eget mollis lectus pede et risus. Quisque libero lacus, varius et, euismod et, commodo at, libero. Morbi accumsan laoreet ipsum. Curabitur consequat, lectus',32,23);
INSERT INTO "answer" (karma,message,id_author,id_question) VALUES (15,'non, luctus sit amet, faucibus ut, nulla. Cras eu tellus eu augue porttitor interdum. Sed auctor',23,30);
INSERT INTO "answer" (karma,message,id_author,id_question) VALUES (0,'Quisque purus sapien, gravida non, sollicitudin a, malesuada id,',35,54);
INSERT INTO "answer" (karma,message,id_author,id_question) VALUES (14,'Donec nibh. Quisque nonummy ipsum non arcu. Vivamus sit amet risus. Donec egestas. Aliquam',27,49);
INSERT INTO "answer" (karma,message,id_author,id_question) VALUES (41,'tincidunt vehicula risus. Nulla eget metus eu erat semper rutrum. Fusce',27,59);
INSERT INTO "answer" (karma,message,id_author,id_question) VALUES (27,'ac turpis egestas. Fusce aliquet magna a neque. Nullam ut nisi a odio semper cursus. Integer mollis. Integer tincidunt aliquam arcu. Aliquam ultrices iaculis',22,48);
INSERT INTO "answer" (karma,message,id_author,id_question) VALUES (4,'pharetra sed, hendrerit a, arcu. Sed et libero. Proin mi. Aliquam gravida',15,30);
INSERT INTO "answer" (karma,message,id_author,id_question) VALUES (49,'nibh lacinia orci, consectetuer euismod est arcu ac orci. Ut semper pretium neque.',15,33);
INSERT INTO "answer" (karma,message,id_author,id_question) VALUES (18,'Suspendisse tristique neque venenatis lacus. Etiam bibendum fermentum metus. Aenean sed pede nec ante blandit',38,56);
INSERT INTO "answer" (karma,message,id_author,id_question) VALUES (28,'penatibus et magnis dis parturient montes, nascetur ridiculus mus. Proin vel nisl. Quisque fringilla euismod enim. Etiam gravida molestie arcu. Sed eu nibh vulputate mauris',9,33);
INSERT INTO "answer" (karma,message,id_author,id_question) VALUES (66,'augue eu tellus. Phasellus elit pede, malesuada vel, venenatis vel, faucibus id, libero.',13,55);
INSERT INTO "answer" (karma,message,id_author,id_question) VALUES (26,'dui. Suspendisse ac metus vitae velit egestas lacinia. Sed congue, elit sed consequat auctor, nunc nulla vulputate',34,7);
INSERT INTO "answer" (karma,message,id_author,id_question) VALUES (75,'quam, elementum at, egestas a, scelerisque sed, sapien. Nunc',17,23);
INSERT INTO "answer" (karma,message,id_author,id_question) VALUES (15,'Cras convallis convallis dolor. Quisque tincidunt pede ac urna. Ut tincidunt vehicula risus. Nulla eget metus eu erat',12,25);
INSERT INTO "answer" (karma,message,id_author,id_question) VALUES (72,'pede, nonummy ut, molestie in, tempus eu, ligula. Aenean euismod mauris eu elit. Nulla facilisi. Sed neque. Sed eget lacus. Mauris',2,21);
INSERT INTO "answer" (karma,message,id_author,id_question) VALUES (44,'ligula. Aliquam erat volutpat. Nulla dignissim. Maecenas',12,57);
INSERT INTO "answer" (karma,message,id_author,id_question) VALUES (57,'tortor. Nunc commodo auctor velit. Aliquam nisl. Nulla eu neque pellentesque massa lobortis ultrices. Vivamus rhoncus. Donec est. Nunc ullamcorper, velit in',34,12);
INSERT INTO "answer" (karma,message,id_author,id_question) VALUES (9,'neque sed sem egestas blandit. Nam nulla magna, malesuada vel, convallis in, cursus et,',15,15);
INSERT INTO "answer" (karma,message,id_author,id_question) VALUES (-1,'volutpat nunc sit amet metus. Aliquam erat volutpat. Nulla facilisis. Suspendisse commodo tincidunt nibh. Phasellus nulla. Integer vulputate,',29,55);
INSERT INTO "answer" (karma,message,id_author,id_question) VALUES (13,'malesuada fames ac turpis egestas. Aliquam fringilla cursus purus. Nullam scelerisque neque sed sem egestas blandit.',10,30);
INSERT INTO "answer" (karma,message,id_author,id_question) VALUES (73,'justo. Praesent luctus. Curabitur egestas nunc sed libero.',5,27);
INSERT INTO "answer" (karma,message,id_author,id_question) VALUES (43,'metus. Aenean sed pede nec ante blandit viverra. Donec tempus, lorem fringilla ornare',15,35);
INSERT INTO "answer" (karma,message,id_author,id_question) VALUES (70,'gravida molestie arcu. Sed eu nibh vulputate mauris sagittis placerat. Cras dictum ultricies ligula.',11,48);
INSERT INTO "answer" (karma,message,id_author,id_question) VALUES (-7,'id, blandit at, nisi. Cum sociis natoque penatibus et magnis dis parturient montes, nascetur ridiculus mus. Proin vel nisl. Quisque fringilla euismod enim. Etiam',22,54);
INSERT INTO "answer" (karma,message,id_author,id_question) VALUES (26,'eget magna. Suspendisse tristique neque venenatis lacus. Etiam bibendum fermentum metus. Aenean sed pede',7,54);
INSERT INTO "answer" (karma,message,id_author,id_question) VALUES (70,'risus. Quisque libero lacus, varius et, euismod et, commodo at, libero. Morbi accumsan laoreet ipsum. Curabitur consequat, lectus sit amet luctus vulputate, nisi',19,34);
INSERT INTO "answer" (karma,message,id_author,id_question) VALUES (66,'sit amet, consectetuer adipiscing elit. Etiam laoreet, libero',26,38);
INSERT INTO "answer" (karma,message,id_author,id_question) VALUES (42,'ornare, facilisis eget, ipsum. Donec sollicitudin',20,21);
INSERT INTO "answer" (karma,message,id_author,id_question) VALUES (69,'Quisque porttitor eros nec tellus. Nunc lectus pede, ultrices a, auctor non, feugiat nec, diam. Duis mi enim, condimentum',9,61);
INSERT INTO "answer" (karma,message,id_author,id_question) VALUES (14,'purus. Maecenas libero est, congue a, aliquet vel, vulputate eu, odio. Phasellus at augue id ante dictum cursus. Nunc mauris elit,',26,57);
INSERT INTO "answer" (karma,message,id_author,id_question) VALUES (51,'ut erat. Sed nunc est, mollis non, cursus non, egestas a, dui. Cras pellentesque. Sed dictum.',6,37);
INSERT INTO "answer" (karma,message,id_author,id_question) VALUES (31,'ligula. Aenean euismod mauris eu elit. Nulla facilisi. Sed neque. Sed eget',21,48);
INSERT INTO "answer" (karma,message,id_author,id_question) VALUES (62,'mi lorem, vehicula et, rutrum eu, ultrices sit amet, risus. Donec nibh enim, gravida sit amet, dapibus id, blandit at,',11,59);
INSERT INTO "answer" (karma,message,id_author,id_question) VALUES (-6,'ac mattis ornare, lectus ante dictum mi, ac mattis velit justo nec ante. Maecenas mi felis, adipiscing fringilla, porttitor vulputate, posuere vulputate, lacus. Cras interdum.',22,52);
INSERT INTO "answer" (karma,message,id_author,id_question) VALUES (61,'ut odio vel est tempor bibendum. Donec felis orci, adipiscing non, luctus sit amet, faucibus ut, nulla. Cras eu tellus eu augue porttitor interdum. Sed',30,44);
INSERT INTO "answer" (karma,message,id_author,id_question) VALUES (49,'quam quis diam. Pellentesque habitant morbi tristique senectus',15,12);
INSERT INTO "answer" (karma,message,id_author,id_question) VALUES (67,'felis orci, adipiscing non, luctus sit amet, faucibus ut, nulla. Cras eu tellus eu augue porttitor interdum. Sed auctor odio a purus. Duis',9,55);
INSERT INTO "answer" (karma,message,id_author,id_question) VALUES (59,'cursus vestibulum. Mauris magna. Duis',34,31);
INSERT INTO "answer" (karma,message,id_author,id_question) VALUES (60,'Donec porttitor tellus non magna. Nam ligula elit, pretium',4,38);
INSERT INTO "answer" (karma,message,id_author,id_question) VALUES (-4,'Fusce aliquam, enim nec tempus scelerisque, lorem ipsum sodales purus, in molestie tortor nibh sit amet orci. Ut sagittis lobortis mauris. Suspendisse',9,55);
INSERT INTO "answer" (karma,message,id_author,id_question) VALUES (68,'erat eget ipsum. Suspendisse sagittis. Nullam vitae diam. Proin dolor.',27,15);
INSERT INTO "answer" (karma,message,id_author,id_question) VALUES (-9,'interdum feugiat. Sed nec metus facilisis lorem tristique aliquet. Phasellus fermentum',26,62);
INSERT INTO "answer" (karma,message,id_author,id_question) VALUES (27,'Mauris blandit enim consequat purus. Maecenas libero est, congue a, aliquet',23,60);
INSERT INTO "answer" (karma,message,id_author,id_question) VALUES (43,'ornare. In faucibus. Morbi vehicula. Pellentesque tincidunt tempus',39,49);
INSERT INTO "answer" (karma,message,id_author,id_question) VALUES (68,'lobortis quis, pede. Suspendisse dui. Fusce diam nunc, ullamcorper eu, euismod ac, fermentum vel, mauris. Integer sem elit, pharetra ut, pharetra sed, hendrerit a, arcu.',4,33);
INSERT INTO "answer" (karma,message,id_author,id_question) VALUES (53,'Cras eu tellus eu augue porttitor interdum. Sed auctor odio a purus. Duis elementum, dui quis accumsan convallis, ante lectus convallis est,',29,5);
INSERT INTO "answer" (karma,message,id_author,id_question) VALUES (4,'placerat. Cras dictum ultricies ligula. Nullam enim.',9,59);
INSERT INTO "answer" (karma,message,id_author,id_question) VALUES (67,'mauris blandit mattis. Cras eget nisi dictum augue malesuada malesuada. Integer id magna et ipsum cursus vestibulum.',27,18);
INSERT INTO "answer" (karma,message,id_author,id_question) VALUES (-10,'egestas a, scelerisque sed, sapien. Nunc pulvinar arcu et',10,60);
INSERT INTO "answer" (karma,message,id_author,id_question) VALUES (34,'eu dolor egestas rhoncus. Proin nisl sem, consequat nec, mollis vitae, posuere at, velit. Cras lorem lorem, luctus',18,21);
INSERT INTO "answer" (karma,message,id_author,id_question) VALUES (38,'nibh. Aliquam ornare, libero at auctor ullamcorper, nisl arcu iaculis enim, sit amet ornare lectus justo eu arcu. Morbi sit amet',10,10);
INSERT INTO "answer" (karma,message,id_author,id_question) VALUES (-1,'vel, faucibus id, libero. Donec consectetuer mauris id sapien. Cras dolor dolor, tempus non, lacinia at, iaculis quis, pede. Praesent eu',11,39);
INSERT INTO "answer" (karma,message,id_author,id_question) VALUES (65,'Morbi neque tellus, imperdiet non,',31,23);
INSERT INTO "answer" (karma,message,id_author,id_question) VALUES (6,'enim. Etiam gravida molestie arcu. Sed eu nibh vulputate mauris sagittis placerat.',3,43);
INSERT INTO "answer" (karma,message,id_author,id_question) VALUES (1,'non sapien molestie orci tincidunt adipiscing. Mauris molestie pharetra nibh. Aliquam ornare, libero at auctor ullamcorper, nisl arcu iaculis',30,47);
INSERT INTO "answer" (karma,message,id_author,id_question) VALUES (25,'Aliquam erat volutpat. Nulla dignissim. Maecenas',7,1);
INSERT INTO "answer" (karma,message,id_author,id_question) VALUES (2,'Cras dictum ultricies ligula. Nullam enim. Sed nulla ante, iaculis nec, eleifend non, dapibus rutrum, justo.',37,64);
INSERT INTO "answer" (karma,message,id_author,id_question) VALUES (34,'In lorem. Donec elementum, lorem ut aliquam iaculis, lacus pede sagittis augue, eu tempor erat neque non quam. Pellentesque habitant morbi tristique senectus',14,13);



------ Insert FollowTopic

INSERT INTO followTopic(id_user,id_topic) VALUES (1,1);
INSERT INTO followTopic(id_user,id_topic) VALUES (1,4);
INSERT INTO followTopic(id_user,id_topic) VALUES (4,4);
INSERT INTO followTopic(id_user,id_topic) VALUES (4,8);
INSERT INTO followTopic(id_user,id_topic) VALUES (8,3);
INSERT INTO followTopic(id_user,id_topic) VALUES (5,5);
INSERT INTO "followtopic" (id_user,id_topic) VALUES (10,1);
INSERT INTO "followtopic" (id_user,id_topic) VALUES (3,8);
INSERT INTO "followtopic" (id_user,id_topic) VALUES (5,4);
INSERT INTO "followtopic" (id_user,id_topic) VALUES (28,6);
INSERT INTO "followtopic" (id_user,id_topic) VALUES (36,3);
INSERT INTO "followtopic" (id_user,id_topic) VALUES (33,2);
INSERT INTO "followtopic" (id_user,id_topic) VALUES (16,2);
INSERT INTO "followtopic" (id_user,id_topic) VALUES (25,7);
INSERT INTO "followtopic" (id_user,id_topic) VALUES (30,1);
INSERT INTO "followtopic" (id_user,id_topic) VALUES (20,4);
INSERT INTO "followtopic" (id_user,id_topic) VALUES (2,6);
INSERT INTO "followtopic" (id_user,id_topic) VALUES (21,5);
INSERT INTO "followtopic" (id_user,id_topic) VALUES (25,8);
INSERT INTO "followtopic" (id_user,id_topic) VALUES (12,3);
INSERT INTO "followtopic" (id_user,id_topic) VALUES (20,4);
INSERT INTO "followtopic" (id_user,id_topic) VALUES (30,2);
INSERT INTO "followtopic" (id_user,id_topic) VALUES (23,3);
INSERT INTO "followtopic" (id_user,id_topic) VALUES (1,2);
INSERT INTO "followtopic" (id_user,id_topic) VALUES (21,1);
INSERT INTO "followtopic" (id_user,id_topic) VALUES (6,4);
INSERT INTO "followtopic" (id_user,id_topic) VALUES (10,8);
INSERT INTO "followtopic" (id_user,id_topic) VALUES (32,8);
INSERT INTO "followtopic" (id_user,id_topic) VALUES (28,7);
INSERT INTO "followtopic" (id_user,id_topic) VALUES (36,2);
INSERT INTO "followtopic" (id_user,id_topic) VALUES (10,1);
INSERT INTO "followtopic" (id_user,id_topic) VALUES (4,7);
INSERT INTO "followtopic" (id_user,id_topic) VALUES (36,1);
INSERT INTO "followtopic" (id_user,id_topic) VALUES (38,4);
INSERT INTO "followtopic" (id_user,id_topic) VALUES (33,2);
INSERT INTO "followtopic" (id_user,id_topic) VALUES (26,8);
INSERT INTO "followtopic" (id_user,id_topic) VALUES (9,6);
INSERT INTO "followtopic" (id_user,id_topic) VALUES (5,3);
INSERT INTO "followtopic" (id_user,id_topic) VALUES (36,1);
INSERT INTO "followtopic" (id_user,id_topic) VALUES (10,2);
INSERT INTO "followtopic" (id_user,id_topic) VALUES (19,3);
INSERT INTO "followtopic" (id_user,id_topic) VALUES (1,3);
INSERT INTO "followtopic" (id_user,id_topic) VALUES (22,5);
INSERT INTO "followtopic" (id_user,id_topic) VALUES (27,8);



------ Insert tag

INSERT INTO tag(id,tagName) VALUES (1,'Trending');
INSERT INTO tag(id,tagName) VALUES (2,'Serious');
INSERT INTO tag(id,tagName) VALUES (3,'NSFW');
INSERT INTO tag(id,tagName) VALUES (4,'Controversial');


------ Insert questionTag

INSERT INTO questionTag(id_question,id_tag) VALUES (14,4);
INSERT INTO questionTag(id_question,id_tag) VALUES (19,3);
INSERT INTO questionTag(id_question,id_tag) VALUES (16,3);
INSERT INTO questionTag(id_question,id_tag) VALUES (8,1);
INSERT INTO questionTag(id_question,id_tag) VALUES (6,2);
INSERT INTO questionTag(id_question,id_tag) VALUES (7,2);
INSERT INTO "questiontag" (id_question,id_tag) VALUES (18,2);
INSERT INTO "questiontag" (id_question,id_tag) VALUES (40,4);
INSERT INTO "questiontag" (id_question,id_tag) VALUES (53,1);
INSERT INTO "questiontag" (id_question,id_tag) VALUES (2,3);
INSERT INTO "questiontag" (id_question,id_tag) VALUES (53,4);
INSERT INTO "questiontag" (id_question,id_tag) VALUES (54,3);
INSERT INTO "questiontag" (id_question,id_tag) VALUES (29,1);
INSERT INTO "questiontag" (id_question,id_tag) VALUES (48,3);
INSERT INTO "questiontag" (id_question,id_tag) VALUES (43,3);
INSERT INTO "questiontag" (id_question,id_tag) VALUES (15,4);
INSERT INTO "questiontag" (id_question,id_tag) VALUES (34,4);
INSERT INTO "questiontag" (id_question,id_tag) VALUES (14,4);
INSERT INTO "questiontag" (id_question,id_tag) VALUES (12,3);
INSERT INTO "questiontag" (id_question,id_tag) VALUES (21,2);
INSERT INTO "questiontag" (id_question,id_tag) VALUES (36,3);
INSERT INTO "questiontag" (id_question,id_tag) VALUES (2,1);
INSERT INTO "questiontag" (id_question,id_tag) VALUES (28,1);
INSERT INTO "questiontag" (id_question,id_tag) VALUES (10,4);
INSERT INTO "questiontag" (id_question,id_tag) VALUES (17,1);
INSERT INTO "questiontag" (id_question,id_tag) VALUES (57,2);
INSERT INTO "questiontag" (id_question,id_tag) VALUES (2,1);
INSERT INTO "questiontag" (id_question,id_tag) VALUES (7,1);
INSERT INTO "questiontag" (id_question,id_tag) VALUES (31,3);
INSERT INTO "questiontag" (id_question,id_tag) VALUES (33,3);
INSERT INTO "questiontag" (id_question,id_tag) VALUES (31,4);
INSERT INTO "questiontag" (id_question,id_tag) VALUES (36,3);
INSERT INTO "questiontag" (id_question,id_tag) VALUES (43,3);
INSERT INTO "questiontag" (id_question,id_tag) VALUES (64,3);
INSERT INTO "questiontag" (id_question,id_tag) VALUES (33,4);
INSERT INTO "questiontag" (id_question,id_tag) VALUES (38,3);
INSERT INTO "questiontag" (id_question,id_tag) VALUES (15,1);
INSERT INTO "questiontag" (id_question,id_tag) VALUES (63,3);
INSERT INTO "questiontag" (id_question,id_tag) VALUES (15,3);
INSERT INTO "questiontag" (id_question,id_tag) VALUES (24,3);
INSERT INTO "questiontag" (id_question,id_tag) VALUES (39,3);
INSERT INTO "questiontag" (id_question,id_tag) VALUES (40,1);
INSERT INTO "questiontag" (id_question,id_tag) VALUES (59,2);
INSERT INTO "questiontag" (id_question,id_tag) VALUES (23,1);
INSERT INTO "questiontag" (id_question,id_tag) VALUES (11,4);
INSERT INTO "questiontag" (id_question,id_tag) VALUES (53,3);
INSERT INTO "questiontag" (id_question,id_tag) VALUES (50,2);
INSERT INTO "questiontag" (id_question,id_tag) VALUES (31,4);
INSERT INTO "questiontag" (id_question,id_tag) VALUES (33,2);
INSERT INTO "questiontag" (id_question,id_tag) VALUES (45,1);
INSERT INTO "questiontag" (id_question,id_tag) VALUES (49,3);
INSERT INTO "questiontag" (id_question,id_tag) VALUES (45,4);
INSERT INTO "questiontag" (id_question,id_tag) VALUES (17,3);
INSERT INTO "questiontag" (id_question,id_tag) VALUES (53,3);
INSERT INTO "questiontag" (id_question,id_tag) VALUES (41,4);
INSERT INTO "questiontag" (id_question,id_tag) VALUES (39,3);
INSERT INTO "questiontag" (id_question,id_tag) VALUES (46,3);
INSERT INTO "questiontag" (id_question,id_tag) VALUES (8,3);
INSERT INTO "questiontag" (id_question,id_tag) VALUES (59,2);
INSERT INTO "questiontag" (id_question,id_tag) VALUES (34,3);
INSERT INTO "questiontag" (id_question,id_tag) VALUES (50,2);
INSERT INTO "questiontag" (id_question,id_tag) VALUES (18,2);
INSERT INTO "questiontag" (id_question,id_tag) VALUES (35,4);
INSERT INTO "questiontag" (id_question,id_tag) VALUES (3,3);
INSERT INTO "questiontag" (id_question,id_tag) VALUES (48,3);
INSERT INTO "questiontag" (id_question,id_tag) VALUES (55,1);
INSERT INTO "questiontag" (id_question,id_tag) VALUES (52,1);
INSERT INTO "questiontag" (id_question,id_tag) VALUES (22,3);
INSERT INTO "questiontag" (id_question,id_tag) VALUES (37,1);
INSERT INTO "questiontag" (id_question,id_tag) VALUES (63,3);
INSERT INTO "questiontag" (id_question,id_tag) VALUES (49,2);
INSERT INTO "questiontag" (id_question,id_tag) VALUES (32,3);
INSERT INTO "questiontag" (id_question,id_tag) VALUES (17,2);
INSERT INTO "questiontag" (id_question,id_tag) VALUES (50,1);

------------INSERT BADGE

INSERT INTO "badge" (name,img) VALUES ('Frequent Poster', 'badge1.png');
INSERT INTO "badge" (name,img) VALUES ('Great Mind!', 'badge2.png');
INSERT INTO "badge" (name,img) VALUES ('Friendly', 'badge3.png');
INSERT INTO "badge" (name,img) VALUES ('Not so smart', 'badge4.png');
INSERT INTO "badge" (name,img) VALUES ('ADMIN', 'ADMINbadge.png');
INSERT INTO "badge" (name,img) VALUES ('MOD', 'MODbadge.png');

-------------INSERT userbadge

INSERT INTO "userbadge" (id_user,id_badge) VALUES (39,4);
INSERT INTO "userbadge" (id_user,id_badge) VALUES (8,5);
INSERT INTO "userbadge" (id_user,id_badge) VALUES (21,2);
INSERT INTO "userbadge" (id_user,id_badge) VALUES (6,2);
INSERT INTO "userbadge" (id_user,id_badge) VALUES (12,1);
INSERT INTO "userbadge" (id_user,id_badge) VALUES (30,3);
INSERT INTO "userbadge" (id_user,id_badge) VALUES (37,3);
INSERT INTO "userbadge" (id_user,id_badge) VALUES (4,5);
INSERT INTO "userbadge" (id_user,id_badge) VALUES (34,4);
INSERT INTO "userbadge" (id_user,id_badge) VALUES (33,5);
INSERT INTO "userbadge" (id_user,id_badge) VALUES (16,2);
INSERT INTO "userbadge" (id_user,id_badge) VALUES (18,6);
INSERT INTO "userbadge" (id_user,id_badge) VALUES (37,6);
INSERT INTO "userbadge" (id_user,id_badge) VALUES (31,4);
INSERT INTO "userbadge" (id_user,id_badge) VALUES (28,5);
INSERT INTO "userbadge" (id_user,id_badge) VALUES (13,5);
INSERT INTO "userbadge" (id_user,id_badge) VALUES (9,1);
INSERT INTO "userbadge" (id_user,id_badge) VALUES (19,5);
INSERT INTO "userbadge" (id_user,id_badge) VALUES (38,6);
INSERT INTO "userbadge" (id_user,id_badge) VALUES (21,1);
INSERT INTO "userbadge" (id_user,id_badge) VALUES (25,5);
INSERT INTO "userbadge" (id_user,id_badge) VALUES (29,4);
INSERT INTO "userbadge" (id_user,id_badge) VALUES (15,6);
INSERT INTO "userbadge" (id_user,id_badge) VALUES (14,6);
INSERT INTO "userbadge" (id_user,id_badge) VALUES (4,6);
INSERT INTO "userbadge" (id_user,id_badge) VALUES (18,1);
INSERT INTO "userbadge" (id_user,id_badge) VALUES (29,4);
INSERT INTO "userbadge" (id_user,id_badge) VALUES (5,5);
INSERT INTO "userbadge" (id_user,id_badge) VALUES (37,5);
INSERT INTO "userbadge" (id_user,id_badge) VALUES (2,2);
INSERT INTO "userbadge" (id_user,id_badge) VALUES (35,5);
INSERT INTO "userbadge" (id_user,id_badge) VALUES (27,4);
INSERT INTO "userbadge" (id_user,id_badge) VALUES (38,6);
INSERT INTO "userbadge" (id_user,id_badge) VALUES (39,2);
INSERT INTO "userbadge" (id_user,id_badge) VALUES (16,3);
INSERT INTO "userbadge" (id_user,id_badge) VALUES (25,2);
INSERT INTO "userbadge" (id_user,id_badge) VALUES (35,2);
INSERT INTO "userbadge" (id_user,id_badge) VALUES (25,3);
INSERT INTO "userbadge" (id_user,id_badge) VALUES (13,4);
INSERT INTO "userbadge" (id_user,id_badge) VALUES (31,4);
INSERT INTO "userbadge" (id_user,id_badge) VALUES (18,1);
INSERT INTO "userbadge" (id_user,id_badge) VALUES (24,6);
INSERT INTO "userbadge" (id_user,id_badge) VALUES (26,4);
INSERT INTO "userbadge" (id_user,id_badge) VALUES (28,5);
INSERT INTO "userbadge" (id_user,id_badge) VALUES (26,3);
INSERT INTO "userbadge" (id_user,id_badge) VALUES (7,2);
INSERT INTO "userbadge" (id_user,id_badge) VALUES (33,1);
INSERT INTO "userbadge" (id_user,id_badge) VALUES (7,3);
INSERT INTO "userbadge" (id_user,id_badge) VALUES (35,2);
INSERT INTO "userbadge" (id_user,id_badge) VALUES (39,4);
INSERT INTO "userbadge" (id_user,id_badge) VALUES (21,4);
INSERT INTO "userbadge" (id_user,id_badge) VALUES (25,5);
INSERT INTO "userbadge" (id_user,id_badge) VALUES (21,6);
INSERT INTO "userbadge" (id_user,id_badge) VALUES (27,5);
INSERT INTO "userbadge" (id_user,id_badge) VALUES (27,1);
INSERT INTO "userbadge" (id_user,id_badge) VALUES (24,1);
INSERT INTO "userbadge" (id_user,id_badge) VALUES (5,3);
INSERT INTO "userbadge" (id_user,id_badge) VALUES (12,2);
INSERT INTO "userbadge" (id_user,id_badge) VALUES (33,5);
INSERT INTO "userbadge" (id_user,id_badge) VALUES (30,3);
INSERT INTO "userbadge" (id_user,id_badge) VALUES (31,1);
INSERT INTO "userbadge" (id_user,id_badge) VALUES (23,1);
INSERT INTO "userbadge" (id_user,id_badge) VALUES (28,2);
INSERT INTO "userbadge" (id_user,id_badge) VALUES (12,2);
INSERT INTO "userbadge" (id_user,id_badge) VALUES (18,4);
INSERT INTO "userbadge" (id_user,id_badge) VALUES (4,4);
INSERT INTO "userbadge" (id_user,id_badge) VALUES (13,4);

------INSERT topic tag

INSERT INTO "topictag" (id_topic,id_tag) VALUES (3,3);
INSERT INTO "topictag" (id_topic,id_tag) VALUES (8,2);
INSERT INTO "topictag" (id_topic,id_tag) VALUES (5,1);
INSERT INTO "topictag" (id_topic,id_tag) VALUES (2,3);
INSERT INTO "topictag" (id_topic,id_tag) VALUES (8,1);
INSERT INTO "topictag" (id_topic,id_tag) VALUES (1,2);
INSERT INTO "topictag" (id_topic,id_tag) VALUES (7,3);

----INSERT VOTE

INSERT INTO "vote" (id_user,vote,id_answer) VALUES (26,'FALSE',37);
INSERT INTO "vote" (id_user,vote,id_answer) VALUES (32,'FALSE',29);
INSERT INTO "vote" (id_user,vote,id_answer) VALUES (34,'FALSE',98);
INSERT INTO "vote" (id_user,vote,id_answer) VALUES (2,'TRUE',5);
INSERT INTO "vote" (id_user,vote,id_answer) VALUES (15,'TRUE',73);
INSERT INTO "vote" (id_user,vote,id_answer) VALUES (14,'TRUE',37);
INSERT INTO "vote" (id_user,vote,id_answer) VALUES (15,'TRUE',95);
INSERT INTO "vote" (id_user,vote,id_answer) VALUES (5,'TRUE',22);
INSERT INTO "vote" (id_user,vote,id_answer) VALUES (25,'TRUE',56);
INSERT INTO "vote" (id_user,vote,id_answer) VALUES (11,'FALSE',10);
INSERT INTO "vote" (id_user,vote,id_answer) VALUES (32,'TRUE',100);
INSERT INTO "vote" (id_user,vote,id_answer) VALUES (22,'TRUE',96);
INSERT INTO "vote" (id_user,vote,id_answer) VALUES (1,'FALSE',20);
INSERT INTO "vote" (id_user,vote,id_answer) VALUES (10,'TRUE',60);
INSERT INTO "vote" (id_user,vote,id_answer) VALUES (9,'TRUE',8);
INSERT INTO "vote" (id_user,vote,id_answer) VALUES (24,'TRUE',2);
INSERT INTO "vote" (id_user,vote,id_answer) VALUES (34,'FALSE',51);
INSERT INTO "vote" (id_user,vote,id_answer) VALUES (7,'TRUE',70);
INSERT INTO "vote" (id_user,vote,id_answer) VALUES (16,'TRUE',77);
INSERT INTO "vote" (id_user,vote,id_answer) VALUES (21,'FALSE',64);
INSERT INTO "vote" (id_user,vote,id_answer) VALUES (28,'FALSE',68);
INSERT INTO "vote" (id_user,vote,id_answer) VALUES (1,'FALSE',7);
INSERT INTO "vote" (id_user,vote,id_answer) VALUES (26,'TRUE',11);
INSERT INTO "vote" (id_user,vote,id_answer) VALUES (31,'FALSE',61);
INSERT INTO "vote" (id_user,vote,id_answer) VALUES (4,'TRUE',6);
INSERT INTO "vote" (id_user,vote,id_answer) VALUES (2,'TRUE',15);
INSERT INTO "vote" (id_user,vote,id_answer) VALUES (14,'FALSE',6);
INSERT INTO "vote" (id_user,vote,id_answer) VALUES (15,'FALSE',32);
INSERT INTO "vote" (id_user,vote,id_answer) VALUES (21,'TRUE',20);
INSERT INTO "vote" (id_user,vote,id_answer) VALUES (8,'FALSE',67);
INSERT INTO "vote" (id_user,vote,id_answer) VALUES (16,'TRUE',68);
INSERT INTO "vote" (id_user,vote,id_answer) VALUES (1,'FALSE',83);
INSERT INTO "vote" (id_user,vote,id_answer) VALUES (9,'TRUE',86);
INSERT INTO "vote" (id_user,vote,id_answer) VALUES (6,'TRUE',35);
INSERT INTO "vote" (id_user,vote,id_answer) VALUES (21,'FALSE',5);
INSERT INTO "vote" (id_user,vote,id_answer) VALUES (12,'FALSE',63);
INSERT INTO "vote" (id_user,vote,id_answer) VALUES (6,'FALSE',26);
INSERT INTO "vote" (id_user,vote,id_answer) VALUES (29,'TRUE',8);
INSERT INTO "vote" (id_user,vote,id_answer) VALUES (8,'FALSE',84);
INSERT INTO "vote" (id_user,vote,id_answer) VALUES (8,'FALSE',61);
INSERT INTO "vote" (id_user,vote,id_answer) VALUES (9,'TRUE',67);
INSERT INTO "vote" (id_user,vote,id_answer) VALUES (26,'FALSE',24);
INSERT INTO "vote" (id_user,vote,id_answer) VALUES (9,'TRUE',81);
INSERT INTO "vote" (id_user,vote,id_answer) VALUES (31,'FALSE',2);
INSERT INTO "vote" (id_user,vote,id_answer) VALUES (11,'FALSE',22);
INSERT INTO "vote" (id_user,vote,id_answer) VALUES (2,'TRUE',28);
INSERT INTO "vote" (id_user,vote,id_answer) VALUES (21,'TRUE',81);
INSERT INTO "vote" (id_user,vote,id_answer) VALUES (17,'FALSE',19);
INSERT INTO "vote" (id_user,vote,id_answer) VALUES (32,'FALSE',91);
INSERT INTO "vote" (id_user,vote,id_answer) VALUES (33,'TRUE',83);
INSERT INTO "vote" (id_user,vote,id_answer) VALUES (23,'TRUE',55);
INSERT INTO "vote" (id_user,vote,id_answer) VALUES (32,'FALSE',86);
INSERT INTO "vote" (id_user,vote,id_answer) VALUES (31,'FALSE',46);
INSERT INTO "vote" (id_user,vote,id_answer) VALUES (10,'FALSE',52);
INSERT INTO "vote" (id_user,vote,id_answer) VALUES (12,'FALSE',16);
INSERT INTO "vote" (id_user,vote,id_answer) VALUES (28,'FALSE',26);
INSERT INTO "vote" (id_user,vote,id_answer) VALUES (23,'TRUE',42);
INSERT INTO "vote" (id_user,vote,id_answer) VALUES (27,'TRUE',29);
INSERT INTO "vote" (id_user,vote,id_answer) VALUES (29,'FALSE',47);
INSERT INTO "vote" (id_user,vote,id_answer) VALUES (18,'TRUE',67);
INSERT INTO "vote" (id_user,vote,id_answer) VALUES (22,'FALSE',40);
INSERT INTO "vote" (id_user,vote,id_question) VALUES (2,'FALSE',42);
INSERT INTO "vote" (id_user,vote,id_question) VALUES (23,'FALSE',36);
INSERT INTO "vote" (id_user,vote,id_question) VALUES (14,'FALSE',6);
INSERT INTO "vote" (id_user,vote,id_question) VALUES (20,'TRUE',33);
INSERT INTO "vote" (id_user,vote,id_question) VALUES (24,'FALSE',48);
INSERT INTO "vote" (id_user,vote,id_question) VALUES (27,'TRUE',5);
INSERT INTO "vote" (id_user,vote,id_question) VALUES (11,'TRUE',20);
INSERT INTO "vote" (id_user,vote,id_question) VALUES (15,'FALSE',21);
INSERT INTO "vote" (id_user,vote,id_question) VALUES (26,'FALSE',13);
INSERT INTO "vote" (id_user,vote,id_question) VALUES (6,'TRUE',45);
INSERT INTO "vote" (id_user,vote,id_question) VALUES (25,'TRUE',34);
INSERT INTO "vote" (id_user,vote,id_question) VALUES (31,'FALSE',35);
INSERT INTO "vote" (id_user,vote,id_question) VALUES (19,'FALSE',7);
INSERT INTO "vote" (id_user,vote,id_question) VALUES (3,'FALSE',20);
INSERT INTO "vote" (id_user,vote,id_question) VALUES (9,'FALSE',5);
INSERT INTO "vote" (id_user,vote,id_question) VALUES (14,'FALSE',49);
INSERT INTO "vote" (id_user,vote,id_question) VALUES (28,'TRUE',30);
INSERT INTO "vote" (id_user,vote,id_question) VALUES (22,'TRUE',45);
INSERT INTO "vote" (id_user,vote,id_question) VALUES (26,'FALSE',44);
INSERT INTO "vote" (id_user,vote,id_question) VALUES (17,'FALSE',49);
INSERT INTO "vote" (id_user,vote,id_question) VALUES (18,'TRUE',6);
INSERT INTO "vote" (id_user,vote,id_question) VALUES (8,'TRUE',26);
INSERT INTO "vote" (id_user,vote,id_question) VALUES (13,'FALSE',46);
INSERT INTO "vote" (id_user,vote,id_question) VALUES (5,'TRUE',49);
INSERT INTO "vote" (id_user,vote,id_question) VALUES (4,'FALSE',50);
INSERT INTO "vote" (id_user,vote,id_question) VALUES (12,'TRUE',50);
INSERT INTO "vote" (id_user,vote,id_question) VALUES (10,'TRUE',16);
INSERT INTO "vote" (id_user,vote,id_question) VALUES (29,'TRUE',25);
INSERT INTO "vote" (id_user,vote,id_question) VALUES (22,'FALSE',18);
INSERT INTO "vote" (id_user,vote,id_question) VALUES (16,'TRUE',13);
INSERT INTO "vote" (id_user,vote,id_question) VALUES (10,'TRUE',34);
INSERT INTO "vote" (id_user,vote,id_question) VALUES (21,'TRUE',20);
INSERT INTO "vote" (id_user,vote,id_question) VALUES (26,'FALSE',31);
INSERT INTO "vote" (id_user,vote,id_question) VALUES (26,'FALSE',47);
INSERT INTO "vote" (id_user,vote,id_question) VALUES (12,'FALSE',26);
INSERT INTO "vote" (id_user,vote,id_question) VALUES (22,'TRUE',28);
INSERT INTO "vote" (id_user,vote,id_question) VALUES (17,'TRUE',8);
INSERT INTO "vote" (id_user,vote,id_question) VALUES (28,'TRUE',28);
INSERT INTO "vote" (id_user,vote,id_question) VALUES (25,'TRUE',4);
INSERT INTO "vote" (id_user,vote,id_question) VALUES (31,'TRUE',23);
INSERT INTO "vote" (id_user,vote,id_question) VALUES (16,'TRUE',2);
INSERT INTO "vote" (id_user,vote,id_question) VALUES (28,'TRUE',42);
INSERT INTO "vote" (id_user,vote,id_question) VALUES (4,'FALSE',11);
INSERT INTO "vote" (id_user,vote,id_question) VALUES (12,'TRUE',35);
INSERT INTO "vote" (id_user,vote,id_question) VALUES (14,'TRUE',7);
INSERT INTO "vote" (id_user,vote,id_question) VALUES (16,'FALSE',2);
INSERT INTO "vote" (id_user,vote,id_question) VALUES (8,'TRUE',26);
INSERT INTO "vote" (id_user,vote,id_question) VALUES (25,'TRUE',46);
INSERT INTO "vote" (id_user,vote,id_question) VALUES (23,'FALSE',48);
INSERT INTO "vote" (id_user,vote,id_question) VALUES (22,'FALSE',43);
INSERT INTO "vote" (id_user,vote,id_question) VALUES (20,'FALSE',8);
INSERT INTO "vote" (id_user,vote,id_question) VALUES (17,'TRUE',15);
INSERT INTO "vote" (id_user,vote,id_question) VALUES (7,'TRUE',34);
INSERT INTO "vote" (id_user,vote,id_question) VALUES (30,'FALSE',6);
INSERT INTO "vote" (id_user,vote,id_question) VALUES (20,'TRUE',38);
INSERT INTO "vote" (id_user,vote,id_question) VALUES (24,'FALSE',14);
INSERT INTO "vote" (id_user,vote,id_question) VALUES (9,'TRUE',24);
INSERT INTO "vote" (id_user,vote,id_question) VALUES (6,'TRUE',23);
INSERT INTO "vote" (id_user,vote,id_question) VALUES (33,'TRUE',6);
INSERT INTO "vote" (id_user,vote,id_question) VALUES (26,'TRUE',12);
INSERT INTO "vote" (id_user,vote,id_question) VALUES (23,'TRUE',44);
INSERT INTO "vote" (id_user,vote,id_question) VALUES (19,'TRUE',48);
INSERT INTO "vote" (id_user,vote,id_question) VALUES (17,'FALSE',44);
INSERT INTO "vote" (id_user,vote,id_question) VALUES (20,'TRUE',37);
INSERT INTO "vote" (id_user,vote,id_question) VALUES (15,'TRUE',42);


---INSERT REPORT

INSERT INTO "report" (reason,id_reporting_user,id_reported_answer) VALUES ('eleifend vitae, erat. Vivamus nisi. Mauris nulla.',32,16);
INSERT INTO "report" (reason,id_reporting_user,id_reported_answer) VALUES ('In scelerisque scelerisque dui.',14,59);
INSERT INTO "report" (reason,id_reporting_user,id_reported_answer) VALUES ('varius. Nam porttitor scelerisque neque. Nullam nisl. Maecenas malesuada',16,13);
INSERT INTO "report" (reason,id_reporting_user,id_reported_answer) VALUES ('urna justo faucibus lectus, a sollicitudin orci sem eget massa.',12,10);
INSERT INTO "report" (reason,id_reporting_user,id_reported_answer) VALUES ('laoreet lectus quis massa. Mauris',30,38);
INSERT INTO "report" (reason,id_reporting_user,id_reported_answer) VALUES ('eleifend egestas. Sed pharetra, felis eget',13,30);
INSERT INTO "report" (reason,id_reporting_user,id_reported_answer) VALUES ('sit amet, faucibus ut, nulla. Cras',12,16);
INSERT INTO "report" (reason,id_reporting_user,id_reported_answer) VALUES ('risus odio, auctor vitae,',17,25);
INSERT INTO "report" (reason,id_reporting_user,id_reported_answer) VALUES ('Quisque purus sapien, gravida non, sollicitudin a, malesuada',31,9);
INSERT INTO "report" (reason,id_reporting_user,id_reported_answer) VALUES ('pretium neque. Morbi quis urna. Nunc quis arcu',6,59);
INSERT INTO "report" (reason,id_reporting_user,id_reported_answer) VALUES ('urna. Nullam lobortis quam a felis ullamcorper viverra.',24,48);
INSERT INTO "report" (reason,id_reporting_user,id_reported_answer) VALUES ('nulla vulputate dui, nec tempus mauris erat eget ipsum.',17,30);
INSERT INTO "report" (reason,id_reporting_user,id_reported_answer) VALUES ('lacus. Mauris non',15,12);
INSERT INTO "report" (reason,id_reporting_user,id_reported_answer) VALUES ('purus, in molestie tortor nibh sit amet orci. Ut sagittis',4,2);
INSERT INTO "report" (reason,id_reporting_user,id_reported_answer) VALUES ('eu, accumsan sed, facilisis vitae, orci. Phasellus',29,30);
INSERT INTO "report" (reason,id_reporting_user,id_reported_answer) VALUES ('Suspendisse eleifend. Cras sed leo.',28,30);
INSERT INTO "report" (reason,id_reporting_user,id_reported_answer) VALUES ('elit fermentum risus, at',20,39);
INSERT INTO "report" (reason,id_reporting_user,id_reported_answer) VALUES ('elit fermentum risus, at',17,29);
INSERT INTO "report" (reason,id_reporting_user,id_reported_answer) VALUES ('Lorem ipsum dolor sit amet, consectetuer adipiscing elit. Aliquam auctor,',16,29);
INSERT INTO "report" (reason,id_reporting_user,id_reported_answer) VALUES ('Nullam scelerisque neque',30,14);
INSERT INTO "report" (reason,id_reporting_user,id_reported_answer) VALUES ('velit justo nec ante. Maecenas mi felis, adipiscing fringilla, porttitor',10,4);
INSERT INTO "report" (reason,id_reporting_user,id_reported_answer) VALUES ('a, scelerisque sed, sapien.',8,2);
INSERT INTO "report" (reason,id_reporting_user,id_reported_answer) VALUES ('libero nec ligula consectetuer rhoncus. Nullam velit dui, semper et,',1,29);
INSERT INTO "report" (reason,id_reporting_user,id_reported_answer) VALUES ('ipsum primis in faucibus orci luctus et',7,25);
INSERT INTO "report" (reason,id_reporting_user,id_reported_answer) VALUES ('sapien, gravida non, sollicitudin',26,36);
INSERT INTO "report" (reason,id_reporting_user,id_reported_answer) VALUES ('Suspendisse commodo tincidunt nibh. Phasellus nulla. Integer',10,11);
INSERT INTO "report" (reason,id_reporting_user,id_reported_question) VALUES ('a, aliquet vel, vulputate eu, odio. Phasellus at augue id',26,24);
INSERT INTO "report" (reason,id_reporting_user,id_reported_question) VALUES ('nunc sit amet metus.',29,23);
INSERT INTO "report" (reason,id_reporting_user,id_reported_question) VALUES ('venenatis vel, faucibus id, libero. Donec consectetuer mauris id sapien.',27,17);
INSERT INTO "report" (reason,id_reporting_user,id_reported_question) VALUES ('at pretium aliquet, metus urna convallis erat, eget',3,20);
INSERT INTO "report" (reason,id_reporting_user,id_reported_question) VALUES ('pede blandit congue. In scelerisque scelerisque dui. Suspendisse ac',17,32);
INSERT INTO "report" (reason,id_reporting_user,id_reported_question) VALUES ('Aliquam vulputate ullamcorper magna. Sed eu',16,18);
INSERT INTO "report" (reason,id_reporting_user,id_reported_question) VALUES ('libero. Morbi accumsan laoreet ipsum. Curabitur',20,7);
INSERT INTO "report" (reason,id_reporting_user,id_reported_question) VALUES ('Cras convallis convallis dolor. Quisque tincidunt',14,57);
INSERT INTO "report" (reason,id_reporting_user,id_reported_question) VALUES ('ac orci. Ut semper pretium neque. Morbi quis urna. Nunc',34,7);
INSERT INTO "report" (reason,id_reporting_user,id_reported_question) VALUES ('eleifend, nunc risus varius orci,',30,56);
INSERT INTO "report" (reason,id_reporting_user,id_reported_question) VALUES ('tortor at risus. Nunc ac sem ut dolor dapibus',33,21);
INSERT INTO "report" (reason,id_reporting_user,id_reported_question) VALUES ('risus, at fringilla purus mauris a nunc. In',19,44);
INSERT INTO "report" (reason,id_reporting_user,id_reported_question) VALUES ('cursus et, eros. Proin ultrices.',32,4);



---------------------------------------------------------------------------------
------------------------------- INSERTS GENERICOS -------------------------------
---------------------------------------------------------------------------------

/*

--INSERT
--New Question
INSERT INTO question (short_message, long_message, id_author, id_topic)
VALUES ($question, $description, $authorID, $topicID);

--INSERT
--New Answer
INSERT INTO answer (message,id_author,id_question)
VALUES ($answer, $authorID, $questionID);

--INSERT
--New Topic
--ATENCAO!!!! FAZER TRIGGER PARA INSERT EM topic!!! TEM DE SER ADMIN
INSERT INTO topic (name, img) VALUES ($name, $img_path);

--INSERT
--New Vote
--ATENÇAO!!!! TRIGER PARA VER SE JA EXISTE UM VOTE DAQUELE USER PARA AQUELE ELEMENTO (pergunta/resposta)
--COMO FAZER OS DOIS?
INSERT INTO vote (id_user, vote, id_answer) VALUES ($userID, $vote, $answerID);
--OU
INSERT INTO vote (id_user, vote, id_question) VALUES ($userID, $vote, $questionID);

--INSERTS
--New User
INSERT INTO "user" (username,email,name,img,bio,disable,type) VALUES ($username,$email,$nickname,$img,$bio,$disable,$type);

--INSERT
--new followQuestion
INSERT INTO followQuestion (id_user,id_question) VALUES ($user_id, $question_id);

--INSERT
-- new followTopic
INSERT INTO followTopic (id_user,id_topic) VALUES ($user_id,$topic_id);


--INSERT
-- notificationAnswer
INSERT INTO notificationanswer(id_user,id_question,message)
    VALUES ($user_id,$question_id,$message);

--INSERT
-- notificationFollow
INSERT INTO notificationfollow(id_user,id_question,message)
    VALUES ($user_id,$question_id,$message);


--INSERT
-- reportanswer
INSERT INTO reportAnswer(reason,id_user,id_answer)
    VALUES ($reason,$user_id,$answer_id);

--INSERT
-- reportQuestion
INSERT INTO reportQuestion(reason,id_user,id_question)
    VALUES ($reason,$user_id,$question_id);

--INSERT
-- tag
INSERT INTO tag(tagname) values ($tagname);

--INSERT
-- topicTag
INSERT INTO topicTag(id_topic, id_tag) values ($topicId,$tagId);

--INSERT
-- questionTag
INSERT INTO questiontag (id_question, id_tag) values ($questionId,$tagId)


*/
--------------------------------------------------------------------------------
------------------------------- SELECTS GENERICOS -------------------------------
---------------------------------------------------------------------------------
/*



--select all topics
select * from topic

select name,img from topic 
	where topic.id = $topicId

--select all user
select * from "user"

-- select user's profile
select  username,email,name, img, bio from "user" 
  where "user".id = $userId; 



---select all answers of a specific question
select * from answer, question where question.id=$question_id and answer.id_question=question.id
SELECT * FROM answer WHERE question.id=$questionID

---select all questions from a topic 
select distinct * from question, topic 
	where topic.id = question.id_topic 



---select all information of a specific question
select * from question where question.id= $question_id




---select all questions from a topic that are followed by a user
select distinct * from question, topic, followtopic 
	where topic.id = question.id_topic 
	and topic.id = followtopic.id_topic
	and followtopic.id_user = $user_id

--select all questions that are followed by the user
select * from question, followquestion
	where question.id = followquestion.id_question 
	and followquestion.id_user = $user_id



--select all question that the user created
select * from question where author_id = $user_id



--select all topics that are associated with a tag
select * from topictag, topic where topictag.id_topic = topic.id and topictag.id_tag = $tagId



--selec all questions that are associated with a tag
select * from questiontag,question where question.id=questiontag.id_question and id_tag=$tagId



----Select all information of a question that belongs to a topic with a specific tag
select question.id, karma,short_message, long_message, id_user, question.disable, question.date from topictag, topic, question 
	
	where topictag.id_topic = topic.id and topictag.id_tag = $tagId and question.id_topic = topictag.id_topic



--select all information from an answer that belong to a specific report
select * from reportanswer, answer where id_answer=answer.id and reportanswer.id=$reportId



--select all information from a question that belong to a specific report
select * from reportquestion, question where id_question=question.id and reportquestion.id= $reportId


--SELECT
--My notifications

SELECT id_question, message
FROM notification
WHERE seen = FALSE AND id_user = $userID
ORDER BY date;


--SELECT 
--Best Answer
--QUE LUXO DE QUE QUERY
--TESTAR xD
SELECT date, karma, message, id_user
FROM answer
WHERE id_question = $questionID AND disable = FALSE 
	AND karma = (SELECT max(karma) FROM answer WHERE id_question = $questionID);



--select all answers from a question
--quem escreveu isto estava bebado?
--select * from answer, "user" where id_user = 1

--select all notificationanswer of an user
select * from notificationanswer where id_user = $userId


--select all notificationanswer of an user
select * from notificationfollow where id_user = $userId
*/




--------------------------------------------------------------------------------
------------------------------- UPDATES GENERICOS -------------------------------
---------------------------------------------------------------------------------

/*
--UPDATE
--Give Permissions
--ATENCAO!!!! FAZER TRIGER PARA UPDATE EM FIELD type DE user!!! TEM DE SER ADMIN!
UPDATE "user"
SET type = $type
WHERE id = $userID;

--UPDATE
--Disable Topic
--ATENCAO!! FAZER TRIGER PARA UPDATE EM topic!!! TEM DE SER ADMIN!!!
UPDATE topic
SET disable = $disableTopic
WHERE id = $topicID;

--UPDATE
--Update image topic from Admin Page
UPDATE topic
SET img = $image
WHERE id = $topicID;

--UPDATE
--Update name topic from Admin Page
UPDATE topic
SET name = $name
WHERE id = $topicID;


--UPDATE
--Disable Answer
--ATENCAO!! FAZER TRIGER PARA UPDATE EM FIELD disable DE answer!!! TEM DE SER OWNER, MOD OU ADMIN!!!
UPDATE answer
SET disable = $disableAnswer
WHERE id = $answerID;

--UPDATE 
--Edit answer
--ATENÇAO!! FAZER TRIGER PARA UPDATE EM FIELD message DE answer!! TEM DE SER OWNER!!
--TESTAR O TIMESTAMP
UPDATE answer
SET message = $newMessage, "date" = now()
WHERE id = $answerID;

--UPDATE 
--Edit question
--ATENÇAO!! FAZER TRIGER PARA UPDATE EM FIELD message DE question!! TEM DE SER OWNER!!
--TESTAR O TIMESTAMP
UPDATE question
SET long_message = $newMessage, "date" = now()
WHERE id = $questionID;

--UPDATE
-- short message changed
UPDATE question
SET short_message = $newMessage, "date" = now()
WHERE id = $questionID;


--UPDATE
--Disable Question
--ATENCAO!! FAZER TRIGER PARA UPDATE EM question!!! TEM DE SER OWNER, MOD OU ADMIN!!!
UPDATE question
SET disable = $disableQuestion
WHERE id = $questionID;

--UPDATE 
--Edit Vote
--ATENÇAO!! FAZER TRIGER PARA UPDATE EM vote!! 
UPDATE vote
SET vote.vote = $vote
WHERE id = $voteID;


--update user
--update username
update "user" set username = $user_username where id = $user_id

--update email
update "user" set email = $user.email where id = $user_id

--update name
update "user" set name = $user_name where id = $user_id

--update img
update "user" set img= $user_img where id = $user_id

--update bio
update "user" set bio= $user_bio where id = $user_id

--update disable
update "user" set disable= $disable where id = $user_id

--update username,name bio, image, background?????
update "user" set username = $user_username, name = $user_name, img = $user_id, bio=$user_bio, email=$user_email where id = $user_id


update reportanswer set disable= TRUE where id = $reportId

--update disable reportanswer
update reportquestion set disable= TRUE where id = $reportId


--update disable reportanswer
update reportanswer set disable= $disableReport where id = $reportAnswerId


--update karma
update question set karma = $karma where id = $questionId

--update disable on question if owner 
update question set disable=true where id = $question_id and author_id=$user_id

--update karma on answer
update answer set karma = $karma where id = $answerId

--update seen on notificationanswer
update notificationanswer set seen = $seenUp where id = $id

--update seen on notificationfollow
update notificationfollow set seen = $seenUp where id = $id
*/

--------------------------------------------------------------------------------
------------------------------- DELETES GENERICOS -------------------------------
---------------------------------------------------------------------------------
/*

--delete followquestion that an user stop following
delete from followquestion where id_user=$userId and id_question=$questionId

--delete followtopic that an user stop following
delete from followTopic where id_user=$userId and id_topic=$topicId
*/


--------------------------------------------------------------------------------
------------------------------- INDEX GENERICOS -------------------------------
---------------------------------------------------------------------------------
/*
-- Tags

CREATE INDEX tags_search ON "questiontag" USING hash (email);

-- Email

*/

--------------------------------------------------------------------------------
------------------------------- TRIGGERS GENERICOS -------------------------------
---------------------------------------------------------------------------------
